Workbook
Name Accounts: #REF!
Name datab: #REF!
Name skrange: #REF!

Sheet FNR Telemark til rapport
B2: Analyse - Telemark og landet samlet
B3: Fra FNR
B6: Verdiskapning (bruttoprodukt)
B7: Gule celler - estimerte verdier etter fylkessammenslåing | K7: BDO Estimert
C8: 2012 | D8: 2013 | E8: 2014 | F8: 2015 | G8: 2016 | H8: 2017 | I8: 2018 | J8: 2019 | K8: 2020 | L8: 2021 | M8: 2022 | N8: 2023 | O8: 2024
B9: 08 Telemark (-2019)
B10: Totalt for næringer | C10: {=_xlfn.XLOOKUP($B$9&$B10,'FNR tidsserier'!$B$7:$B$182&'FNR tidsserier'!$C$7:$C$182,INDEX('FNR tidsserier'!$D$7:$R$182,,MATCH(C$8,'FNR tidsserier'!$D$7:$R$7,0)),"ikke funnet")} -> 53232 | D10: {=_xlfn.XLOOKUP($B$9&$B10,'FNR tidsserier'!$B$7:$B$182&'FNR tidsserier'!$C$7:$C$182,INDEX('FNR tidsserier'!$D$7:$R$182,,MATCH(D$8,'FNR tidsserier'!$D$7:$R$7,0)),"ikke funnet")} -> 55740 | E10: {=_xlfn.XLOOKUP($B$9&$B10,'FNR tidsserier'!$B$7:$B$182&'FNR tidsserier'!$C$7:$C$182,INDEX('FNR tidsserier'!$D$7:$R$182,,MATCH(E$8,'FNR tidsserier'!$D$7:$R$7,0)),"ikke funnet")} -> 57692 | F10: {=_xlfn.XLOOKUP($B$9&$B10,'FNR tidsserier'!$B$7:$B$182&'FNR tidsserier'!$C$7:$C$182,INDEX('FNR tidsserier'!$D$7:$R$182,,MATCH(F$8,'FNR tidsserier'!$D$7:$R$7,0)),"ikke funnet")} -> 62342 | G10: {=_xlfn.XLOOKUP($B$9&$B10,'FNR tidsserier'!$B$7:$B$182&'FNR tidsserier'!$C$7:$C$182,INDEX('FNR tidsserier'!$D$7:$R$182,,MATCH(G$8,'FNR tidsserier'!$D$7:$R$7,0)),"ikke funnet")} -> 62442 | H10: {=_xlfn.XLOOKUP($B$9&$B10,'FNR tidsserier'!$B$7:$B$182&'FNR tidsserier'!$C$7:$C$182,INDEX('FNR tidsserier'!$D$7:$R$182,,MATCH(H$8,'FNR tidsserier'!$D$7:$R$7,0)),"ikke funnet")} -> 65409 | I10: {=_xlfn.XLOOKUP($B$9&$B10,'FNR tidsserier'!$B$7:$B$182&'FNR tidsserier'!$C$7:$C$182,INDEX('FNR tidsserier'!$D$7:$R$182,,MATCH(I$8,'FNR tidsserier'!$D$7:$R$7,0)),"ikke funnet")} -> 70772 | J10: {=_xlfn.XLOOKUP($B$9&$B10,'FNR tidsserier'!$B$7:$B$182&'FNR tidsserier'!$C$7:$C$182,INDEX('FNR tidsserier'!$D$7:$R$182,,MATCH(J$8,'FNR tidsserier'!$D$7:$R$7,0)),"ikke funnet")} -> 72842 | ... M10: {=_xlfn.XLOOKUP($B$9&$B10,'FNR tidsserier'!$B$7:$B$182&'FNR tidsserier'!$C$7:$C$182,INDEX('FNR tidsserier'!$D$7:$R$182,,MATCH(M$8,'FNR tidsserier'!$D$7:$R$7,0)),"ikke funnet")} -> 89798.138 | N10: ='FNR Telemark estimert'!H33 -> 86489.868 | O10: ='FNR Telemark estimert'!I33 -> 87593.616
B12: Landet uten sokkelen
B13: Totalt for næringer | C13: {=_xlfn.XLOOKUP($B$12&$B13,'FNR tidsserier'!$B$7:$B$182&'FNR tidsserier'!$C$7:$C$182,INDEX('FNR tidsserier'!$D$7:$R$182,,MATCH(C$8,'FNR tidsserier'!$D$7:$R$7,0)),"ikke funnet")} -> 2027608 | D13: {=_xlfn.XLOOKUP($B$12&$B13,'FNR tidsserier'!$B$7:$B$182&'FNR tidsserier'!$C$7:$C$182,INDEX('FNR tidsserier'!$D$7:$R$182,,MATCH(D$8,'FNR tidsserier'!$D$7:$R$7,0)),"ikke funnet")} -> 2144146 | E13: {=_xlfn.XLOOKUP($B$12&$B13,'FNR tidsserier'!$B$7:$B$182&'FNR tidsserier'!$C$7:$C$182,INDEX('FNR tidsserier'!$D$7:$R$182,,MATCH(E$8,'FNR tidsserier'!$D$7:$R$7,0)),"ikke funnet")} -> 2249200 | F13: {=_xlfn.XLOOKUP($B$12&$B13,'FNR tidsserier'!$B$7:$B$182&'FNR tidsserier'!$C$7:$C$182,INDEX('FNR tidsserier'!$D$7:$R$182,,MATCH(F$8,'FNR tidsserier'!$D$7:$R$7,0)),"ikke funnet")} -> 2338475 | G13: {=_xlfn.XLOOKUP($B$12&$B13,'FNR tidsserier'!$B$7:$B$182&'FNR tidsserier'!$C$7:$C$182,INDEX('FNR tidsserier'!$D$7:$R$182,,MATCH(G$8,'FNR tidsserier'!$D$7:$R$7,0)),"ikke funnet")} -> 2396324 | H13: {=_xlfn.XLOOKUP($B$12&$B13,'FNR tidsserier'!$B$7:$B$182&'FNR tidsserier'!$C$7:$C$182,INDEX('FNR tidsserier'!$D$7:$R$182,,MATCH(H$8,'FNR tidsserier'!$D$7:$R$7,0)),"ikke funnet")} -> 2481464 | I13: {=_xlfn.XLOOKUP($B$12&$B13,'FNR tidsserier'!$B$7:$B$182&'FNR tidsserier'!$C$7:$C$182,INDEX('FNR tidsserier'!$D$7:$R$182,,MATCH(I$8,'FNR tidsserier'!$D$7:$R$7,0)),"ikke funnet")} -> 2593273 | J13: {=_xlfn.XLOOKUP($B$12&$B13,'FNR tidsserier'!$B$7:$B$182&'FNR tidsserier'!$C$7:$C$182,INDEX('FNR tidsserier'!$D$7:$R$182,,MATCH(J$8,'FNR tidsserier'!$D$7:$R$7,0)),"ikke funnet")} -> 2729146 | ... M13: {=_xlfn.XLOOKUP($B$12&$B13,'FNR tidsserier'!$B$7:$B$182&'FNR tidsserier'!$C$7:$C$182,INDEX('FNR tidsserier'!$D$7:$R$182,,MATCH(M$8,'FNR tidsserier'!$D$7:$R$7,0)),"ikke funnet")} -> 3341551 | N13: 3424887 | O13: 3573771
B15: Telemark - Normalisert
B16: =B10 -> Totalt for næringer | C16: =C10/$C10 -> 1 | D16: =D10/$C10 -> 1.0471145 | E16: =E10/$C10 -> 1.0837842 | F16: =F10/$C10 -> 1.1711377 | G16: =G10/$C10 -> 1.1730162 | H16: =H10/$C10 -> 1.2287534 | I16: =I10/$C10 -> 1.3295011 | J16: =J10/$C10 -> 1.3683874 | ... O16: =O10/$C10 -> 1.6455068
B18: Landet uten sokkelen - normalisert
B19: =B13 -> Totalt for næringer | C19: =C13/$C13 -> 1 | D19: =D13/$C13 -> 1.0574756 | E19: =E13/$C13 -> 1.1092874 | F19: =F13/$C13 -> 1.1533171 | G19: =G13/$C13 -> 1.1818478 | H19: =H13/$C13 -> 1.2238381 | I19: =I13/$C13 -> 1.2789814 | J19: =J13/$C13 -> 1.3459929 | ... O19: =O13/$C13 -> 1.7625552
B24: Sysselsetting
B25: Blå celler - estimerte verdier etter fylkessammenslåing | K25: BDO Estimert
C26: 2012 | D26: 2013 | E26: 2014 | F26: 2015 | G26: 2016 | H26: 2017 | I26: 2018 | J26: 2019 | K26: 2020 | L26: 2021 | M26: 2022 | N26: 2023 | O26: 2024
B27: 08 Telemark (-2019)
B28: Totalt for næringer | C28: {=_xlfn.XLOOKUP($B$27&$B28,'FNR tidsserier'!$B$7:$B$182&'FNR tidsserier'!$C$7:$C$182,INDEX('FNR tidsserier'!$S$7:$AG$182,,MATCH(C$26,'FNR tidsserier'!$S$7:$AG$7,0)),"ikke funnet")} -> 33992 | D28: {=_xlfn.XLOOKUP($B$27&$B28,'FNR tidsserier'!$B$7:$B$182&'FNR tidsserier'!$C$7:$C$182,INDEX('FNR tidsserier'!$S$7:$AG$182,,MATCH(D$26,'FNR tidsserier'!$S$7:$AG$7,0)),"ikke funnet")} -> 35318 | E28: {=_xlfn.XLOOKUP($B$27&$B28,'FNR tidsserier'!$B$7:$B$182&'FNR tidsserier'!$C$7:$C$182,INDEX('FNR tidsserier'!$S$7:$AG$182,,MATCH(E$26,'FNR tidsserier'!$S$7:$AG$7,0)),"ikke funnet")} -> 36666 | F28: {=_xlfn.XLOOKUP($B$27&$B28,'FNR tidsserier'!$B$7:$B$182&'FNR tidsserier'!$C$7:$C$182,INDEX('FNR tidsserier'!$S$7:$AG$182,,MATCH(F$26,'FNR tidsserier'!$S$7:$AG$7,0)),"ikke funnet")} -> 37331 | G28: {=_xlfn.XLOOKUP($B$27&$B28,'FNR tidsserier'!$B$7:$B$182&'FNR tidsserier'!$C$7:$C$182,INDEX('FNR tidsserier'!$S$7:$AG$182,,MATCH(G$26,'FNR tidsserier'!$S$7:$AG$7,0)),"ikke funnet")} -> 38737 | H28: {=_xlfn.XLOOKUP($B$27&$B28,'FNR tidsserier'!$B$7:$B$182&'FNR tidsserier'!$C$7:$C$182,INDEX('FNR tidsserier'!$S$7:$AG$182,,MATCH(H$26,'FNR tidsserier'!$S$7:$AG$7,0)),"ikke funnet")} -> 40119 | I28: {=_xlfn.XLOOKUP($B$27&$B28,'FNR tidsserier'!$B$7:$B$182&'FNR tidsserier'!$C$7:$C$182,INDEX('FNR tidsserier'!$S$7:$AG$182,,MATCH(I$26,'FNR tidsserier'!$S$7:$AG$7,0)),"ikke funnet")} -> 42242 | J28: {=_xlfn.XLOOKUP($B$27&$B28,'FNR tidsserier'!$B$7:$B$182&'FNR tidsserier'!$C$7:$C$182,INDEX('FNR tidsserier'!$S$7:$AG$182,,MATCH(J$26,'FNR tidsserier'!$S$7:$AG$7,0)),"ikke funnet")} -> 44616 | ... M28: {=_xlfn.XLOOKUP($B$27&$B28,'FNR tidsserier'!$B$7:$B$182&'FNR tidsserier'!$C$7:$C$182,INDEX('FNR tidsserier'!$S$7:$AG$182,,MATCH(M$26,'FNR tidsserier'!$S$7:$AG$7,0)),"ikke funnet")} -> 50433.366 | N28: =M28*(SUM(sys_næring_tfk[2023])/SUM(sys_næring_tfk[2022])) -> 50917.784 | O28: =N28*(SUM(sys_næring_tfk[2024])/SUM(sys_næring_tfk[2023])) -> 51269.555
B30: Landet uten sokkelen
B31: Totalt for næringer | C31: {=_xlfn.XLOOKUP($B$30&$B31,'FNR tidsserier'!$B$7:$B$182&'FNR tidsserier'!$C$7:$C$182,INDEX('FNR tidsserier'!$S$7:$AG$182,,MATCH(C$26,'FNR tidsserier'!$S$7:$AG$7,0)),"ikke funnet")} -> 1284398 | D31: {=_xlfn.XLOOKUP($B$30&$B31,'FNR tidsserier'!$B$7:$B$182&'FNR tidsserier'!$C$7:$C$182,INDEX('FNR tidsserier'!$S$7:$AG$182,,MATCH(D$26,'FNR tidsserier'!$S$7:$AG$7,0)),"ikke funnet")} -> 1357601 | E31: {=_xlfn.XLOOKUP($B$30&$B31,'FNR tidsserier'!$B$7:$B$182&'FNR tidsserier'!$C$7:$C$182,INDEX('FNR tidsserier'!$S$7:$AG$182,,MATCH(E$26,'FNR tidsserier'!$S$7:$AG$7,0)),"ikke funnet")} -> 1415222 | F31: {=_xlfn.XLOOKUP($B$30&$B31,'FNR tidsserier'!$B$7:$B$182&'FNR tidsserier'!$C$7:$C$182,INDEX('FNR tidsserier'!$S$7:$AG$182,,MATCH(F$26,'FNR tidsserier'!$S$7:$AG$7,0)),"ikke funnet")} -> 1476138 | G31: {=_xlfn.XLOOKUP($B$30&$B31,'FNR tidsserier'!$B$7:$B$182&'FNR tidsserier'!$C$7:$C$182,INDEX('FNR tidsserier'!$S$7:$AG$182,,MATCH(G$26,'FNR tidsserier'!$S$7:$AG$7,0)),"ikke funnet")} -> 1501058 | H31: {=_xlfn.XLOOKUP($B$30&$B31,'FNR tidsserier'!$B$7:$B$182&'FNR tidsserier'!$C$7:$C$182,INDEX('FNR tidsserier'!$S$7:$AG$182,,MATCH(H$26,'FNR tidsserier'!$S$7:$AG$7,0)),"ikke funnet")} -> 1550136 | I31: {=_xlfn.XLOOKUP($B$30&$B31,'FNR tidsserier'!$B$7:$B$182&'FNR tidsserier'!$C$7:$C$182,INDEX('FNR tidsserier'!$S$7:$AG$182,,MATCH(I$26,'FNR tidsserier'!$S$7:$AG$7,0)),"ikke funnet")} -> 1628407 | J31: {=_xlfn.XLOOKUP($B$30&$B31,'FNR tidsserier'!$B$7:$B$182&'FNR tidsserier'!$C$7:$C$182,INDEX('FNR tidsserier'!$S$7:$AG$182,,MATCH(J$26,'FNR tidsserier'!$S$7:$AG$7,0)),"ikke funnet")} -> 1721786 | ... M31: {=_xlfn.XLOOKUP($B$30&$B31,'FNR tidsserier'!$B$7:$B$182&'FNR tidsserier'!$C$7:$C$182,INDEX('FNR tidsserier'!$S$7:$AG$182,,MATCH(M$26,'FNR tidsserier'!$S$7:$AG$7,0)),"ikke funnet")} -> 1985610 | N31: =M31*(SUM(sys_næring_nas[2023])/SUM(sys_næring_nas[2022])) -> 2004764.9 | O31: =N31*(SUM(sys_næring_nas[2024])/SUM(sys_næring_nas[2023])) -> 2017453.8
B33: Telemark - Normalisert
B34: =B28 -> Totalt for næringer | C34: =C28/$C28 -> 1 | D34: =D28/$C28 -> 1.0390092 | E34: =E28/$C28 -> 1.0786656 | F34: =F28/$C28 -> 1.098229 | G34: =G28/$C28 -> 1.1395917 | H34: =H28/$C28 -> 1.1802483 | I34: =I28/$C28 -> 1.2427042 | J34: =J28/$C28 -> 1.3125441 | ... O34: =O28/$C28 -> 1.508283
B36: Landet uten sokkelen - normalisert
B37: =B31 -> Totalt for næringer | C37: =C31/$C31 -> 1 | D37: =D31/$C31 -> 1.056994 | E37: =E31/$C31 -> 1.1018563 | F37: =F31/$C31 -> 1.1492839 | G37: =G31/$C31 -> 1.168686 | H37: =H31/$C31 -> 1.2068969 | I37: =I31/$C31 -> 1.2678368 | J37: =J31/$C31 -> 1.3405393 | ... O37: =O31/$C31 -> 1.5707388
B42: Tabell til rapport (Thinkcell)
C44: 2012 | D44: 2013 | E44: 2014 | F44: 2015 | G44: 2016 | H44: 2017 | I44: 2018 | J44: 2019 | K44: 2020 | L44: 2021 | M44: 2022 | N44: 2023 | O44: 2024
Y45: Sysselsetting - Telemark | Z45: Sysselsetting - landet uten sokkelen
B46: Verdiskapning - Telemark | C46: =C16 -> 1 | D46: =D16 -> 1.0471145 | E46: =E16 -> 1.0837842 | F46: =F16 -> 1.1711377 | G46: =G16 -> 1.1730162 | H46: =H16 -> 1.2287534 | I46: =I16 -> 1.3295011 | J46: =J16 -> 1.3683874 | ... O46: =O16 -> 1.6455068 | X46: 2012 | Y46: 100 | Z46: 100
B47: Sysselsetting - Telemark | C47: =C34 -> 1 | D47: =D34 -> 1.0390092 | E47: =E34 -> 1.0786656 | F47: =F34 -> 1.098229 | G47: =G34 -> 1.1395917 | H47: =H34 -> 1.1802483 | I47: =I34 -> 1.2427042 | J47: =J34 -> 1.3125441 | ... O47: =O34 -> 1.508283 | Q47: Ikke korrekte tall, se mailer med Brage i august 2026 | X47: 2013 | Y47: 100 | Z47: 101
B48: Verdiskapning - Landet uten sokkelen | C48: =C19 -> 1 | D48: =D19 -> 1.0574756 | E48: =E19 -> 1.1092874 | F48: =F19 -> 1.1533171 | G48: =G19 -> 1.1818478 | H48: =H19 -> 1.2238381 | I48: =I19 -> 1.2789814 | J48: =J19 -> 1.3459929 | ... O48: =O19 -> 1.7625552 | X48: 2014 | Y48: 100 | Z48: 102
B49: Sysselsetting - landet uten sokkelen | C49: =C37 -> 1 | D49: =D37 -> 1.056994 | E49: =E37 -> 1.1018563 | F49: =F37 -> 1.1492839 | G49: =G37 -> 1.168686 | H49: =H37 -> 1.2068969 | I49: =I37 -> 1.2678368 | J49: =J37 -> 1.3405393 | ... O49: =O37 -> 1.5707388 | Q49: Ikke korrekte tall, se mailer med Brage i august 2026 | X49: 2015 | Y49: 97 | Z49: 100
X50: 2016 | Y50: 98 | Z50: 101
X51: 2017 | Y51: 99 | Z51: 102
C52: 2012 | D52: 2013 | E52: 2014 | F52: 2015 | G52: 2016 | H52: 2017 | I52: 2018 | J52: 2019 | K52: 2020 | L52: 2021 | M52: 2022 | N52: 2023 | O52: 2024 | P52: 2025 | X52: 2018 | Y52: 99 | Z52: 104
B53: Sysselsetting - Telemark | C53: 1 | D53: 1 | E53: 1 | F53: 0.97 | G53: 0.98 | H53: 0.99 | I53: 0.99 | J53: 0.99 | K53: 0.99 | L53: 1.01 | M53: 1.01 | N53: 1.02 | O53: 1.03 | P53: 1.03 | X53: 2019 | Y53: 99 | Z53: 105
B54: Sysselsetting - landet uten sokkelen | C54: 1 | D54: 1.01 | E54: 1.02 | F54: 1 | G54: 1.01 | H54: 1.02 | I54: 1.04 | J54: 1.05 | K54: 1.04 | L54: 1.07 | M54: 1.09 | N54: 1.1 | O54: 1.11 | P54: 1.11 | X54: 2020 | Y54: 99 | Z54: 104
X55: 2021 | Y55: 101 | Z55: 107
B56: Sysselsatte (etter arbeidssted) | C56: 2012 | D56: 2013 | E56: 2014 | F56: 2015 | G56: 2016 | H56: 2017 | I56: 2018 | J56: 2019 | K56: 2020 | L56: 2021 | M56: 2022 | N56: 2023 | O56: 2024 | P56: 2025 | X56: 2022 | Y56: 101 | Z56: 109
B57: Telemark | C57: 76607 | D57: 76460 | E57: 76279 | F57: 74318 | G57: 75188 | H57: 75640 | I57: 75752 | J57: 76180 | K57: 75756 | L57: 77084 | M57: 77563 | N57: 78308 | O57: 78849 | P57: 78850 | X57: 2023 | Y57: 102 | Z57: 110
B58: Landet uten Sokkelen | C58: 2570303 | D58: 2598397 | E58: 2629420 | F58: 2579221 | G58: 2598486 | H58: 2632555 | I58: 2674873 | J58: 2703670 | K58: 2674439 | L58: 2755217 | M58: 2811007 | N58: 2837948 | O58: 2855865 | P58: 2865382 | X58: 2024 | Y58: 103 | Z58: 111

Sheet FNR Telemark estimert
B2: Fylkesfordelt nasjonalregnskap - estimat og fremskrivning
C5: 2018 | D5: 2019 | E5: 2020 | F5: 2021 | G5: 2022 | H5: 2023 | I5: 2024
B6: 08 Telemark (-2019)
B7: Helse- og omsorgstjenester | C7: {=_xlfn.XLOOKUP($B$6&$B7,'FNR tidsserier'!$B$7:$B$182&'FNR tidsserier'!$C$7:$C$182,INDEX('FNR tidsserier'!$D$7:$R$182,,MATCH(C$5,'FNR tidsserier'!$D$7:$R$7,0)),"ikke funnet")} -> 11708 | D7: {=_xlfn.XLOOKUP($B$6&$B7,'FNR tidsserier'!$B$7:$B$182&'FNR tidsserier'!$C$7:$C$182,INDEX('FNR tidsserier'!$D$7:$R$182,,MATCH(D$5,'FNR tidsserier'!$D$7:$R$7,0)),"ikke funnet")} -> 12046 | E7: {=_xlfn.XLOOKUP($B$6&$B7,'FNR tidsserier'!$B$7:$B$182&'FNR tidsserier'!$C$7:$C$182,INDEX('FNR tidsserier'!$D$7:$R$182,,MATCH(E$5,'FNR tidsserier'!$D$7:$R$7,0)),"ikke funnet")} -> 12005.999 | F7: {=_xlfn.XLOOKUP($B$6&$B7,'FNR tidsserier'!$B$7:$B$182&'FNR tidsserier'!$C$7:$C$182,INDEX('FNR tidsserier'!$D$7:$R$182,,MATCH(F$5,'FNR tidsserier'!$D$7:$R$7,0)),"ikke funnet")} -> 12733.049 | G7: {=_xlfn.XLOOKUP($B$6&$B7,'FNR tidsserier'!$B$7:$B$182&'FNR tidsserier'!$C$7:$C$182,INDEX('FNR tidsserier'!$D$7:$R$182,,MATCH(G$5,'FNR tidsserier'!$D$7:$R$7,0)),"ikke funnet")} -> 13726.479 | H7: =IFERROR(G7*_xlfn.XLOOKUP($B7,$B$96:$B$117,$C$96:$C$117),0) -> 14714.222 | I7: =IFERROR(H7*_xlfn.XLOOKUP($B7,$B$96:$B$117,$D$96:$D$117),0) -> 14978.909
B8: Industri | C8: {=_xlfn.XLOOKUP($B$6&$B8,'FNR tidsserier'!$B$7:$B$182&'FNR tidsserier'!$C$7:$C$182,INDEX('FNR tidsserier'!$D$7:$R$182,,MATCH(C$5,'FNR tidsserier'!$D$7:$R$7,0)),"ikke funnet")} -> 9370 | D8: {=_xlfn.XLOOKUP($B$6&$B8,'FNR tidsserier'!$B$7:$B$182&'FNR tidsserier'!$C$7:$C$182,INDEX('FNR tidsserier'!$D$7:$R$182,,MATCH(D$5,'FNR tidsserier'!$D$7:$R$7,0)),"ikke funnet")} -> 10055 | E8: {=_xlfn.XLOOKUP($B$6&$B8,'FNR tidsserier'!$B$7:$B$182&'FNR tidsserier'!$C$7:$C$182,INDEX('FNR tidsserier'!$D$7:$R$182,,MATCH(E$5,'FNR tidsserier'!$D$7:$R$7,0)),"ikke funnet")} -> 9918.2753 | F8: {=_xlfn.XLOOKUP($B$6&$B8,'FNR tidsserier'!$B$7:$B$182&'FNR tidsserier'!$C$7:$C$182,INDEX('FNR tidsserier'!$D$7:$R$182,,MATCH(F$5,'FNR tidsserier'!$D$7:$R$7,0)),"ikke funnet")} -> 10857.706 | G8: {=_xlfn.XLOOKUP($B$6&$B8,'FNR tidsserier'!$B$7:$B$182&'FNR tidsserier'!$C$7:$C$182,INDEX('FNR tidsserier'!$D$7:$R$182,,MATCH(G$5,'FNR tidsserier'!$D$7:$R$7,0)),"ikke funnet")} -> 11377.26 | H8: =IFERROR(G8*_xlfn.XLOOKUP($B8,$B$96:$B$117,$C$96:$C$117),0) -> 10866.449 | I8: =IFERROR(H8*_xlfn.XLOOKUP($B8,$B$96:$B$117,$D$96:$D$117),0) -> 11105.872
B9: Varehandel og reparasjon av motorvogner | C9: {=_xlfn.XLOOKUP($B$6&$B9,'FNR tidsserier'!$B$7:$B$182&'FNR tidsserier'!$C$7:$C$182,INDEX('FNR tidsserier'!$D$7:$R$182,,MATCH(C$5,'FNR tidsserier'!$D$7:$R$7,0)),"ikke funnet")} -> 6494 | D9: {=_xlfn.XLOOKUP($B$6&$B9,'FNR tidsserier'!$B$7:$B$182&'FNR tidsserier'!$C$7:$C$182,INDEX('FNR tidsserier'!$D$7:$R$182,,MATCH(D$5,'FNR tidsserier'!$D$7:$R$7,0)),"ikke funnet")} -> 6543 | E9: {=_xlfn.XLOOKUP($B$6&$B9,'FNR tidsserier'!$B$7:$B$182&'FNR tidsserier'!$C$7:$C$182,INDEX('FNR tidsserier'!$D$7:$R$182,,MATCH(E$5,'FNR tidsserier'!$D$7:$R$7,0)),"ikke funnet")} -> 7271.9079 | F9: {=_xlfn.XLOOKUP($B$6&$B9,'FNR tidsserier'!$B$7:$B$182&'FNR tidsserier'!$C$7:$C$182,INDEX('FNR tidsserier'!$D$7:$R$182,,MATCH(F$5,'FNR tidsserier'!$D$7:$R$7,0)),"ikke funnet")} -> 8057.2361 | G9: {=_xlfn.XLOOKUP($B$6&$B9,'FNR tidsserier'!$B$7:$B$182&'FNR tidsserier'!$C$7:$C$182,INDEX('FNR tidsserier'!$D$7:$R$182,,MATCH(G$5,'FNR tidsserier'!$D$7:$R$7,0)),"ikke funnet")} -> 7846.2734 | H9: =IFERROR(G9*_xlfn.XLOOKUP($B9,$B$96:$B$117,$C$96:$C$117),0) -> 7995.4345 | I9: =IFERROR(H9*_xlfn.XLOOKUP($B9,$B$96:$B$117,$D$96:$D$117),0) -> 7905.8283
B10: Bygge- og anleggsvirksomhet | C10: {=_xlfn.XLOOKUP($B$6&$B10,'FNR tidsserier'!$B$7:$B$182&'FNR tidsserier'!$C$7:$C$182,INDEX('FNR tidsserier'!$D$7:$R$182,,MATCH(C$5,'FNR tidsserier'!$D$7:$R$7,0)),"ikke funnet")} -> 6082 | D10: {=_xlfn.XLOOKUP($B$6&$B10,'FNR tidsserier'!$B$7:$B$182&'FNR tidsserier'!$C$7:$C$182,INDEX('FNR tidsserier'!$D$7:$R$182,,MATCH(D$5,'FNR tidsserier'!$D$7:$R$7,0)),"ikke funnet")} -> 6392 | E10: {=_xlfn.XLOOKUP($B$6&$B10,'FNR tidsserier'!$B$7:$B$182&'FNR tidsserier'!$C$7:$C$182,INDEX('FNR tidsserier'!$D$7:$R$182,,MATCH(E$5,'FNR tidsserier'!$D$7:$R$7,0)),"ikke funnet")} -> 6363.4974 | F10: {=_xlfn.XLOOKUP($B$6&$B10,'FNR tidsserier'!$B$7:$B$182&'FNR tidsserier'!$C$7:$C$182,INDEX('FNR tidsserier'!$D$7:$R$182,,MATCH(F$5,'FNR tidsserier'!$D$7:$R$7,0)),"ikke funnet")} -> 6756.6771 | G10: {=_xlfn.XLOOKUP($B$6&$B10,'FNR tidsserier'!$B$7:$B$182&'FNR tidsserier'!$C$7:$C$182,INDEX('FNR tidsserier'!$D$7:$R$182,,MATCH(G$5,'FNR tidsserier'!$D$7:$R$7,0)),"ikke funnet")} -> 7291.1983 | H10: =IFERROR(G10*_xlfn.XLOOKUP($B10,$B$96:$B$117,$C$96:$C$117),0) -> 6981.3748 | I10: =IFERROR(H10*_xlfn.XLOOKUP($B10,$B$96:$B$117,$D$96:$D$117),0) -> 6838.1769
B11: Undervisning | C11: {=_xlfn.XLOOKUP($B$6&$B11,'FNR tidsserier'!$B$7:$B$182&'FNR tidsserier'!$C$7:$C$182,INDEX('FNR tidsserier'!$D$7:$R$182,,MATCH(C$5,'FNR tidsserier'!$D$7:$R$7,0)),"ikke funnet")} -> 4990 | D11: {=_xlfn.XLOOKUP($B$6&$B11,'FNR tidsserier'!$B$7:$B$182&'FNR tidsserier'!$C$7:$C$182,INDEX('FNR tidsserier'!$D$7:$R$182,,MATCH(D$5,'FNR tidsserier'!$D$7:$R$7,0)),"ikke funnet")} -> 5175 | E11: {=_xlfn.XLOOKUP($B$6&$B11,'FNR tidsserier'!$B$7:$B$182&'FNR tidsserier'!$C$7:$C$182,INDEX('FNR tidsserier'!$D$7:$R$182,,MATCH(E$5,'FNR tidsserier'!$D$7:$R$7,0)),"ikke funnet")} -> 5044.3672 | F11: {=_xlfn.XLOOKUP($B$6&$B11,'FNR tidsserier'!$B$7:$B$182&'FNR tidsserier'!$C$7:$C$182,INDEX('FNR tidsserier'!$D$7:$R$182,,MATCH(F$5,'FNR tidsserier'!$D$7:$R$7,0)),"ikke funnet")} -> 5343.1456 | G11: {=_xlfn.XLOOKUP($B$6&$B11,'FNR tidsserier'!$B$7:$B$182&'FNR tidsserier'!$C$7:$C$182,INDEX('FNR tidsserier'!$D$7:$R$182,,MATCH(G$5,'FNR tidsserier'!$D$7:$R$7,0)),"ikke funnet")} -> 5882.8885 | H11: =IFERROR(G11*_xlfn.XLOOKUP($B11,$B$96:$B$117,$C$96:$C$117),0) -> 6306.2147 | I11: =IFERROR(H11*_xlfn.XLOOKUP($B11,$B$96:$B$117,$D$96:$D$117),0) -> 6284.844
B12: Offentlig administrasjon og forsvar | C12: {=_xlfn.XLOOKUP($B$6&$B12,'FNR tidsserier'!$B$7:$B$182&'FNR tidsserier'!$C$7:$C$182,INDEX('FNR tidsserier'!$D$7:$R$182,,MATCH(C$5,'FNR tidsserier'!$D$7:$R$7,0)),"ikke funnet")} -> 4635 | D12: {=_xlfn.XLOOKUP($B$6&$B12,'FNR tidsserier'!$B$7:$B$182&'FNR tidsserier'!$C$7:$C$182,INDEX('FNR tidsserier'!$D$7:$R$182,,MATCH(D$5,'FNR tidsserier'!$D$7:$R$7,0)),"ikke funnet")} -> 4833 | E12: {=_xlfn.XLOOKUP($B$6&$B12,'FNR tidsserier'!$B$7:$B$182&'FNR tidsserier'!$C$7:$C$182,INDEX('FNR tidsserier'!$D$7:$R$182,,MATCH(E$5,'FNR tidsserier'!$D$7:$R$7,0)),"ikke funnet")} -> 5119.9232 | F12: {=_xlfn.XLOOKUP($B$6&$B12,'FNR tidsserier'!$B$7:$B$182&'FNR tidsserier'!$C$7:$C$182,INDEX('FNR tidsserier'!$D$7:$R$182,,MATCH(F$5,'FNR tidsserier'!$D$7:$R$7,0)),"ikke funnet")} -> 5381.3067 | G12: {=_xlfn.XLOOKUP($B$6&$B12,'FNR tidsserier'!$B$7:$B$182&'FNR tidsserier'!$C$7:$C$182,INDEX('FNR tidsserier'!$D$7:$R$182,,MATCH(G$5,'FNR tidsserier'!$D$7:$R$7,0)),"ikke funnet")} -> 5603.9814 | H12: =IFERROR(G12*_xlfn.XLOOKUP($B12,$B$96:$B$117,$C$96:$C$117),0) -> 6007.2378 | I12: =IFERROR(H12*_xlfn.XLOOKUP($B12,$B$96:$B$117,$D$96:$D$117),0) -> 6043.334
B13: Elektrisitets-, gass- og varmtvannsforsyning | C13: {=_xlfn.XLOOKUP($B$6&$B13,'FNR tidsserier'!$B$7:$B$182&'FNR tidsserier'!$C$7:$C$182,INDEX('FNR tidsserier'!$D$7:$R$182,,MATCH(C$5,'FNR tidsserier'!$D$7:$R$7,0)),"ikke funnet")} -> 7098 | D13: {=_xlfn.XLOOKUP($B$6&$B13,'FNR tidsserier'!$B$7:$B$182&'FNR tidsserier'!$C$7:$C$182,INDEX('FNR tidsserier'!$D$7:$R$182,,MATCH(D$5,'FNR tidsserier'!$D$7:$R$7,0)),"ikke funnet")} -> 6298 | E13: =E$54*(E$41/E$44) -> 6992.1105 | F13: =F$54*(F$41/F$44) -> 10763.97 | G13: =G$54*(G$41/G$44) -> 14663.381 | H13: =IFERROR(G13*_xlfn.XLOOKUP($B13,$B$96:$B$117,$C$96:$C$117),0) -> 10371.708 | I13: =IFERROR(H13*_xlfn.XLOOKUP($B13,$B$96:$B$117,$D$96:$D$117),0) -> 10674.402
B14: Faglig, vitenskapelig og teknisk tjenesteyting | C14: {=_xlfn.XLOOKUP($B$6&$B14,'FNR tidsserier'!$B$7:$B$182&'FNR tidsserier'!$C$7:$C$182,INDEX('FNR tidsserier'!$D$7:$R$182,,MATCH(C$5,'FNR tidsserier'!$D$7:$R$7,0)),"ikke funnet")} -> 3712 | D14: {=_xlfn.XLOOKUP($B$6&$B14,'FNR tidsserier'!$B$7:$B$182&'FNR tidsserier'!$C$7:$C$182,INDEX('FNR tidsserier'!$D$7:$R$182,,MATCH(D$5,'FNR tidsserier'!$D$7:$R$7,0)),"ikke funnet")} -> 3581 | E14: {=_xlfn.XLOOKUP($B$6&$B14,'FNR tidsserier'!$B$7:$B$182&'FNR tidsserier'!$C$7:$C$182,INDEX('FNR tidsserier'!$D$7:$R$182,,MATCH(E$5,'FNR tidsserier'!$D$7:$R$7,0)),"ikke funnet")} -> 3466.7742 | F14: {=_xlfn.XLOOKUP($B$6&$B14,'FNR tidsserier'!$B$7:$B$182&'FNR tidsserier'!$C$7:$C$182,INDEX('FNR tidsserier'!$D$7:$R$182,,MATCH(F$5,'FNR tidsserier'!$D$7:$R$7,0)),"ikke funnet")} -> 4333.4678 | G14: {=_xlfn.XLOOKUP($B$6&$B14,'FNR tidsserier'!$B$7:$B$182&'FNR tidsserier'!$C$7:$C$182,INDEX('FNR tidsserier'!$D$7:$R$182,,MATCH(G$5,'FNR tidsserier'!$D$7:$R$7,0)),"ikke funnet")} -> 5056.6013 | H14: =IFERROR(G14*_xlfn.XLOOKUP($B14,$B$96:$B$117,$C$96:$C$117),0) -> 4121.7865 | I14: =IFERROR(H14*_xlfn.XLOOKUP($B14,$B$96:$B$117,$D$96:$D$117),0) -> 4330.1549
B15: Boligtjenester, egen bolig | C15: {=_xlfn.XLOOKUP($B$6&$B15,'FNR tidsserier'!$B$7:$B$182&'FNR tidsserier'!$C$7:$C$182,INDEX('FNR tidsserier'!$D$7:$R$182,,MATCH(C$5,'FNR tidsserier'!$D$7:$R$7,0)),"ikke funnet")} -> 4635 | D15: {=_xlfn.XLOOKUP($B$6&$B15,'FNR tidsserier'!$B$7:$B$182&'FNR tidsserier'!$C$7:$C$182,INDEX('FNR tidsserier'!$D$7:$R$182,,MATCH(D$5,'FNR tidsserier'!$D$7:$R$7,0)),"ikke funnet")} -> 4984 | E15: {=_xlfn.XLOOKUP($B$6&$B15,'FNR tidsserier'!$B$7:$B$182&'FNR tidsserier'!$C$7:$C$182,INDEX('FNR tidsserier'!$D$7:$R$182,,MATCH(E$5,'FNR tidsserier'!$D$7:$R$7,0)),"ikke funnet")} -> 4690.4358 | F15: {=_xlfn.XLOOKUP($B$6&$B15,'FNR tidsserier'!$B$7:$B$182&'FNR tidsserier'!$C$7:$C$182,INDEX('FNR tidsserier'!$D$7:$R$182,,MATCH(F$5,'FNR tidsserier'!$D$7:$R$7,0)),"ikke funnet")} -> 5064.862 | G15: {=_xlfn.XLOOKUP($B$6&$B15,'FNR tidsserier'!$B$7:$B$182&'FNR tidsserier'!$C$7:$C$182,INDEX('FNR tidsserier'!$D$7:$R$182,,MATCH(G$5,'FNR tidsserier'!$D$7:$R$7,0)),"ikke funnet")} -> 6201.3248 | H15: =IFERROR(G15*_xlfn.XLOOKUP($B15,$B$96:$B$117,$C$96:$C$117),0) -> 6134.9109 | I15: =IFERROR(H15*_xlfn.XLOOKUP($B15,$B$96:$B$117,$D$96:$D$117),0) -> 5915.3457
B16: Forretningsmessig tjenesteyting | C16: {=_xlfn.XLOOKUP($B$6&$B16,'FNR tidsserier'!$B$7:$B$182&'FNR tidsserier'!$C$7:$C$182,INDEX('FNR tidsserier'!$D$7:$R$182,,MATCH(C$5,'FNR tidsserier'!$D$7:$R$7,0)),"ikke funnet")} -> 1558 | D16: {=_xlfn.XLOOKUP($B$6&$B16,'FNR tidsserier'!$B$7:$B$182&'FNR tidsserier'!$C$7:$C$182,INDEX('FNR tidsserier'!$D$7:$R$182,,MATCH(D$5,'FNR tidsserier'!$D$7:$R$7,0)),"ikke funnet")} -> 1841 | E16: {=_xlfn.XLOOKUP($B$6&$B16,'FNR tidsserier'!$B$7:$B$182&'FNR tidsserier'!$C$7:$C$182,INDEX('FNR tidsserier'!$D$7:$R$182,,MATCH(E$5,'FNR tidsserier'!$D$7:$R$7,0)),"ikke funnet")} -> 1686.5911 | F16: {=_xlfn.XLOOKUP($B$6&$B16,'FNR tidsserier'!$B$7:$B$182&'FNR tidsserier'!$C$7:$C$182,INDEX('FNR tidsserier'!$D$7:$R$182,,MATCH(F$5,'FNR tidsserier'!$D$7:$R$7,0)),"ikke funnet")} -> 1746.8951 | G16: {=_xlfn.XLOOKUP($B$6&$B16,'FNR tidsserier'!$B$7:$B$182&'FNR tidsserier'!$C$7:$C$182,INDEX('FNR tidsserier'!$D$7:$R$182,,MATCH(G$5,'FNR tidsserier'!$D$7:$R$7,0)),"ikke funnet")} -> 1927.807 | H16: =IFERROR(G16*_xlfn.XLOOKUP($B16,$B$96:$B$117,$C$96:$C$117),0) -> 1815.5031 | I16: =IFERROR(H16*_xlfn.XLOOKUP($B16,$B$96:$B$117,$D$96:$D$117),0) -> 1846.0108
B17: Kultur, underholdning og annen tjenesteyting | C17: {=_xlfn.XLOOKUP($B$6&$B17,'FNR tidsserier'!$B$7:$B$182&'FNR tidsserier'!$C$7:$C$182,INDEX('FNR tidsserier'!$D$7:$R$182,,MATCH(C$5,'FNR tidsserier'!$D$7:$R$7,0)),"ikke funnet")} -> 1455 | D17: {=_xlfn.XLOOKUP($B$6&$B17,'FNR tidsserier'!$B$7:$B$182&'FNR tidsserier'!$C$7:$C$182,INDEX('FNR tidsserier'!$D$7:$R$182,,MATCH(D$5,'FNR tidsserier'!$D$7:$R$7,0)),"ikke funnet")} -> 1600 | E17: {=_xlfn.XLOOKUP($B$6&$B17,'FNR tidsserier'!$B$7:$B$182&'FNR tidsserier'!$C$7:$C$182,INDEX('FNR tidsserier'!$D$7:$R$182,,MATCH(E$5,'FNR tidsserier'!$D$7:$R$7,0)),"ikke funnet")} -> 1437.7542 | F17: {=_xlfn.XLOOKUP($B$6&$B17,'FNR tidsserier'!$B$7:$B$182&'FNR tidsserier'!$C$7:$C$182,INDEX('FNR tidsserier'!$D$7:$R$182,,MATCH(F$5,'FNR tidsserier'!$D$7:$R$7,0)),"ikke funnet")} -> 1565.6259 | G17: {=_xlfn.XLOOKUP($B$6&$B17,'FNR tidsserier'!$B$7:$B$182&'FNR tidsserier'!$C$7:$C$182,INDEX('FNR tidsserier'!$D$7:$R$182,,MATCH(G$5,'FNR tidsserier'!$D$7:$R$7,0)),"ikke funnet")} -> 1739.788 | H17: =IFERROR(G17*_xlfn.XLOOKUP($B17,$B$96:$B$117,$C$96:$C$117),0) -> 1912.5832 | I17: =IFERROR(H17*_xlfn.XLOOKUP($B17,$B$96:$B$117,$D$96:$D$117),0) -> 1907.9951
B18: Informasjon og kommunikasjon | C18: {=_xlfn.XLOOKUP($B$6&$B18,'FNR tidsserier'!$B$7:$B$182&'FNR tidsserier'!$C$7:$C$182,INDEX('FNR tidsserier'!$D$7:$R$182,,MATCH(C$5,'FNR tidsserier'!$D$7:$R$7,0)),"ikke funnet")} -> 1453 | D18: {=_xlfn.XLOOKUP($B$6&$B18,'FNR tidsserier'!$B$7:$B$182&'FNR tidsserier'!$C$7:$C$182,INDEX('FNR tidsserier'!$D$7:$R$182,,MATCH(D$5,'FNR tidsserier'!$D$7:$R$7,0)),"ikke funnet")} -> 1489 | E18: =E54*(E$42/E$44) -> 1465.0874 | F18: =F54*(F$42/F$44) -> 1442.313 | G18: =G54*(G$42/G$44) -> 1267.0713 | H18: =IFERROR(G18*_xlfn.XLOOKUP($B18,$B$96:$B$117,$C$96:$C$117),0) -> 1408.5385 | I18: =IFERROR(H18*_xlfn.XLOOKUP($B18,$B$96:$B$117,$D$96:$D$117),0) -> 1503.9457
B19: Finansierings- og forsikringsvirksomhet | C19: {=_xlfn.XLOOKUP($B$6&$B19,'FNR tidsserier'!$B$7:$B$182&'FNR tidsserier'!$C$7:$C$182,INDEX('FNR tidsserier'!$D$7:$R$182,,MATCH(C$5,'FNR tidsserier'!$D$7:$R$7,0)),"ikke funnet")} -> 1827 | D19: {=_xlfn.XLOOKUP($B$6&$B19,'FNR tidsserier'!$B$7:$B$182&'FNR tidsserier'!$C$7:$C$182,INDEX('FNR tidsserier'!$D$7:$R$182,,MATCH(D$5,'FNR tidsserier'!$D$7:$R$7,0)),"ikke funnet")} -> 1736 | E19: {=_xlfn.XLOOKUP($B$6&$B19,'FNR tidsserier'!$B$7:$B$182&'FNR tidsserier'!$C$7:$C$182,INDEX('FNR tidsserier'!$D$7:$R$182,,MATCH(E$5,'FNR tidsserier'!$D$7:$R$7,0)),"ikke funnet")} -> 2005.8722 | F19: {=_xlfn.XLOOKUP($B$6&$B19,'FNR tidsserier'!$B$7:$B$182&'FNR tidsserier'!$C$7:$C$182,INDEX('FNR tidsserier'!$D$7:$R$182,,MATCH(F$5,'FNR tidsserier'!$D$7:$R$7,0)),"ikke funnet")} -> 2035.9118 | G19: {=_xlfn.XLOOKUP($B$6&$B19,'FNR tidsserier'!$B$7:$B$182&'FNR tidsserier'!$C$7:$C$182,INDEX('FNR tidsserier'!$D$7:$R$182,,MATCH(G$5,'FNR tidsserier'!$D$7:$R$7,0)),"ikke funnet")} -> 2015.0779 | H19: =IFERROR(G19*_xlfn.XLOOKUP($B19,$B$96:$B$117,$C$96:$C$117),0) -> 2393.5033 | I19: =IFERROR(H19*_xlfn.XLOOKUP($B19,$B$96:$B$117,$D$96:$D$117),0) -> 2809.4235
B20: Omsetning og drift av fast eiendom | C20: {=_xlfn.XLOOKUP($B$6&$B20,'FNR tidsserier'!$B$7:$B$182&'FNR tidsserier'!$C$7:$C$182,INDEX('FNR tidsserier'!$D$7:$R$182,,MATCH(C$5,'FNR tidsserier'!$D$7:$R$7,0)),"ikke funnet")} -> 1134 | D20: {=_xlfn.XLOOKUP($B$6&$B20,'FNR tidsserier'!$B$7:$B$182&'FNR tidsserier'!$C$7:$C$182,INDEX('FNR tidsserier'!$D$7:$R$182,,MATCH(D$5,'FNR tidsserier'!$D$7:$R$7,0)),"ikke funnet")} -> 1375 | E20: {=_xlfn.XLOOKUP($B$6&$B20,'FNR tidsserier'!$B$7:$B$182&'FNR tidsserier'!$C$7:$C$182,INDEX('FNR tidsserier'!$D$7:$R$182,,MATCH(E$5,'FNR tidsserier'!$D$7:$R$7,0)),"ikke funnet")} -> 1320 | F20: {=_xlfn.XLOOKUP($B$6&$B20,'FNR tidsserier'!$B$7:$B$182&'FNR tidsserier'!$C$7:$C$182,INDEX('FNR tidsserier'!$D$7:$R$182,,MATCH(F$5,'FNR tidsserier'!$D$7:$R$7,0)),"ikke funnet")} -> 1401.9677 | G20: {=_xlfn.XLOOKUP($B$6&$B20,'FNR tidsserier'!$B$7:$B$182&'FNR tidsserier'!$C$7:$C$182,INDEX('FNR tidsserier'!$D$7:$R$182,,MATCH(G$5,'FNR tidsserier'!$D$7:$R$7,0)),"ikke funnet")} -> 1521.5484 | H20: =IFERROR(G20*_xlfn.XLOOKUP($B20,$B$96:$B$117,$C$96:$C$117),0) -> 1367.7174 | I20: =IFERROR(H20*_xlfn.XLOOKUP($B20,$B$96:$B$117,$D$96:$D$117),0) -> 1381.061
B21: Overnattings- og serveringsvirksomhet | C21: {=_xlfn.XLOOKUP($B$6&$B21,'FNR tidsserier'!$B$7:$B$182&'FNR tidsserier'!$C$7:$C$182,INDEX('FNR tidsserier'!$D$7:$R$182,,MATCH(C$5,'FNR tidsserier'!$D$7:$R$7,0)),"ikke funnet")} -> 936 | D21: {=_xlfn.XLOOKUP($B$6&$B21,'FNR tidsserier'!$B$7:$B$182&'FNR tidsserier'!$C$7:$C$182,INDEX('FNR tidsserier'!$D$7:$R$182,,MATCH(D$5,'FNR tidsserier'!$D$7:$R$7,0)),"ikke funnet")} -> 1025 | E21: {=_xlfn.XLOOKUP($B$6&$B21,'FNR tidsserier'!$B$7:$B$182&'FNR tidsserier'!$C$7:$C$182,INDEX('FNR tidsserier'!$D$7:$R$182,,MATCH(E$5,'FNR tidsserier'!$D$7:$R$7,0)),"ikke funnet")} -> 748.99264 | F21: {=_xlfn.XLOOKUP($B$6&$B21,'FNR tidsserier'!$B$7:$B$182&'FNR tidsserier'!$C$7:$C$182,INDEX('FNR tidsserier'!$D$7:$R$182,,MATCH(F$5,'FNR tidsserier'!$D$7:$R$7,0)),"ikke funnet")} -> 986.87524 | G21: {=_xlfn.XLOOKUP($B$6&$B21,'FNR tidsserier'!$B$7:$B$182&'FNR tidsserier'!$C$7:$C$182,INDEX('FNR tidsserier'!$D$7:$R$182,,MATCH(G$5,'FNR tidsserier'!$D$7:$R$7,0)),"ikke funnet")} -> 1277.9737 | H21: =IFERROR(G21*_xlfn.XLOOKUP($B21,$B$96:$B$117,$C$96:$C$117),0) -> 1417.0843 | I21: =IFERROR(H21*_xlfn.XLOOKUP($B21,$B$96:$B$117,$D$96:$D$117),0) -> 1396.5468
B22: Vannforsyning, avløp og renovasjon | C22: {=_xlfn.XLOOKUP($B$6&$B22,'FNR tidsserier'!$B$7:$B$182&'FNR tidsserier'!$C$7:$C$182,INDEX('FNR tidsserier'!$D$7:$R$182,,MATCH(C$5,'FNR tidsserier'!$D$7:$R$7,0)),"ikke funnet")} -> 851 | D22: {=_xlfn.XLOOKUP($B$6&$B22,'FNR tidsserier'!$B$7:$B$182&'FNR tidsserier'!$C$7:$C$182,INDEX('FNR tidsserier'!$D$7:$R$182,,MATCH(D$5,'FNR tidsserier'!$D$7:$R$7,0)),"ikke funnet")} -> 929 | E22: {=_xlfn.XLOOKUP($B$6&$B22,'FNR tidsserier'!$B$7:$B$182&'FNR tidsserier'!$C$7:$C$182,INDEX('FNR tidsserier'!$D$7:$R$182,,MATCH(E$5,'FNR tidsserier'!$D$7:$R$7,0)),"ikke funnet")} -> 1118.5735 | F22: {=_xlfn.XLOOKUP($B$6&$B22,'FNR tidsserier'!$B$7:$B$182&'FNR tidsserier'!$C$7:$C$182,INDEX('FNR tidsserier'!$D$7:$R$182,,MATCH(F$5,'FNR tidsserier'!$D$7:$R$7,0)),"ikke funnet")} -> 1334.6514 | G22: {=_xlfn.XLOOKUP($B$6&$B22,'FNR tidsserier'!$B$7:$B$182&'FNR tidsserier'!$C$7:$C$182,INDEX('FNR tidsserier'!$D$7:$R$182,,MATCH(G$5,'FNR tidsserier'!$D$7:$R$7,0)),"ikke funnet")} -> 1342.7374 | H22: =IFERROR(G22*_xlfn.XLOOKUP($B22,$B$96:$B$117,$C$96:$C$117),0) -> 1322.5665 | I22: =IFERROR(H22*_xlfn.XLOOKUP($B22,$B$96:$B$117,$D$96:$D$117),0) -> 1278.0765
B23: Jordbruk og skogbruk | C23: {=_xlfn.XLOOKUP($B$6&$B23,'FNR tidsserier'!$B$7:$B$182&'FNR tidsserier'!$C$7:$C$182,INDEX('FNR tidsserier'!$D$7:$R$182,,MATCH(C$5,'FNR tidsserier'!$D$7:$R$7,0)),"ikke funnet")} -> 569 | D23: {=_xlfn.XLOOKUP($B$6&$B23,'FNR tidsserier'!$B$7:$B$182&'FNR tidsserier'!$C$7:$C$182,INDEX('FNR tidsserier'!$D$7:$R$182,,MATCH(D$5,'FNR tidsserier'!$D$7:$R$7,0)),"ikke funnet")} -> 716 | E23: {=_xlfn.XLOOKUP($B$6&$B23,'FNR tidsserier'!$B$7:$B$182&'FNR tidsserier'!$C$7:$C$182,INDEX('FNR tidsserier'!$D$7:$R$182,,MATCH(E$5,'FNR tidsserier'!$D$7:$R$7,0)),"ikke funnet")} -> 731.90072 | F23: {=_xlfn.XLOOKUP($B$6&$B23,'FNR tidsserier'!$B$7:$B$182&'FNR tidsserier'!$C$7:$C$182,INDEX('FNR tidsserier'!$D$7:$R$182,,MATCH(F$5,'FNR tidsserier'!$D$7:$R$7,0)),"ikke funnet")} -> 788.95624 | G23: {=_xlfn.XLOOKUP($B$6&$B23,'FNR tidsserier'!$B$7:$B$182&'FNR tidsserier'!$C$7:$C$182,INDEX('FNR tidsserier'!$D$7:$R$182,,MATCH(G$5,'FNR tidsserier'!$D$7:$R$7,0)),"ikke funnet")} -> 876.41019 | H23: =IFERROR(G23*_xlfn.XLOOKUP($B23,$B$96:$B$117,$C$96:$C$117),0) -> 1000.5303 | I23: =IFERROR(H23*_xlfn.XLOOKUP($B23,$B$96:$B$117,$D$96:$D$117),0) -> 991.31866
B24: Bergverksdrift | C24: {=_xlfn.XLOOKUP($B$6&$B24,'FNR tidsserier'!$B$7:$B$182&'FNR tidsserier'!$C$7:$C$182,INDEX('FNR tidsserier'!$D$7:$R$182,,MATCH(C$5,'FNR tidsserier'!$D$7:$R$7,0)),"ikke funnet")} -> 186 | D24: {=_xlfn.XLOOKUP($B$6&$B24,'FNR tidsserier'!$B$7:$B$182&'FNR tidsserier'!$C$7:$C$182,INDEX('FNR tidsserier'!$D$7:$R$182,,MATCH(D$5,'FNR tidsserier'!$D$7:$R$7,0)),"ikke funnet")} -> 155 | E24: =E54*(E$43/E$44) -> 192.73963 | F24: =F54*(F$43/F$44) -> 163.42827 | G24: =G54*(G$43/G$44) -> 162.29135 | H24: =IFERROR(G24*_xlfn.XLOOKUP($B24,$B$96:$B$117,$C$96:$C$117),0) -> 327.73491 | I24: =IFERROR(H24*_xlfn.XLOOKUP($B24,$B$96:$B$117,$D$96:$D$117),0) -> 377.96249
B25: Utenriks sjøfart | C25: {=_xlfn.XLOOKUP($B$6&$B25,'FNR tidsserier'!$B$7:$B$182&'FNR tidsserier'!$C$7:$C$182,INDEX('FNR tidsserier'!$D$7:$R$182,,MATCH(C$5,'FNR tidsserier'!$D$7:$R$7,0)),"ikke funnet")} -> 14 | D25: {=_xlfn.XLOOKUP($B$6&$B25,'FNR tidsserier'!$B$7:$B$182&'FNR tidsserier'!$C$7:$C$182,INDEX('FNR tidsserier'!$D$7:$R$182,,MATCH(D$5,'FNR tidsserier'!$D$7:$R$7,0)),"ikke funnet")} -> 16 | E25: {=_xlfn.XLOOKUP($B$6&$B25,'FNR tidsserier'!$B$7:$B$182&'FNR tidsserier'!$C$7:$C$182,INDEX('FNR tidsserier'!$D$7:$R$182,,MATCH(E$5,'FNR tidsserier'!$D$7:$R$7,0)),"ikke funnet")} -> 5.2197483 | F25: {=_xlfn.XLOOKUP($B$6&$B25,'FNR tidsserier'!$B$7:$B$182&'FNR tidsserier'!$C$7:$C$182,INDEX('FNR tidsserier'!$D$7:$R$182,,MATCH(F$5,'FNR tidsserier'!$D$7:$R$7,0)),"ikke funnet")} -> 11.616651 | G25: {=_xlfn.XLOOKUP($B$6&$B25,'FNR tidsserier'!$B$7:$B$182&'FNR tidsserier'!$C$7:$C$182,INDEX('FNR tidsserier'!$D$7:$R$182,,MATCH(G$5,'FNR tidsserier'!$D$7:$R$7,0)),"ikke funnet")} -> 18.04453 | H25: =IFERROR(G25*_xlfn.XLOOKUP($B25,$B$96:$B$117,$C$96:$C$117),0) -> 24.768243 | I25: =IFERROR(H25*_xlfn.XLOOKUP($B25,$B$96:$B$117,$D$96:$D$117),0) -> 24.407977
B26: Rørtransport | C26: {=_xlfn.XLOOKUP($B$6&$B26,'FNR tidsserier'!$B$7:$B$182&'FNR tidsserier'!$C$7:$C$182,INDEX('FNR tidsserier'!$D$7:$R$182,,MATCH(C$5,'FNR tidsserier'!$D$7:$R$7,0)),"ikke funnet")} -> 0 | D26: {=_xlfn.XLOOKUP($B$6&$B26,'FNR tidsserier'!$B$7:$B$182&'FNR tidsserier'!$C$7:$C$182,INDEX('FNR tidsserier'!$D$7:$R$182,,MATCH(D$5,'FNR tidsserier'!$D$7:$R$7,0)),"ikke funnet")} -> 0 | E26: {=_xlfn.XLOOKUP($B$6&$B26,'FNR tidsserier'!$B$7:$B$182&'FNR tidsserier'!$C$7:$C$182,INDEX('FNR tidsserier'!$D$7:$R$182,,MATCH(E$5,'FNR tidsserier'!$D$7:$R$7,0)),"ikke funnet")} -> - | F26: {=_xlfn.XLOOKUP($B$6&$B26,'FNR tidsserier'!$B$7:$B$182&'FNR tidsserier'!$C$7:$C$182,INDEX('FNR tidsserier'!$D$7:$R$182,,MATCH(F$5,'FNR tidsserier'!$D$7:$R$7,0)),"ikke funnet")} -> - | G26: {=_xlfn.XLOOKUP($B$6&$B26,'FNR tidsserier'!$B$7:$B$182&'FNR tidsserier'!$C$7:$C$182,INDEX('FNR tidsserier'!$D$7:$R$182,,MATCH(G$5,'FNR tidsserier'!$D$7:$R$7,0)),"ikke funnet")} -> - | H26: =IFERROR(G26*_xlfn.XLOOKUP($B26,$B$96:$B$117,$C$96:$C$117),0) -> 0 | I26: =IFERROR(H26*_xlfn.XLOOKUP($B26,$B$96:$B$117,$D$96:$D$117),0) -> 0
B27: Post og distribusjonsvirksomhet | C27: {=_xlfn.XLOOKUP($B$6&$B27,'FNR tidsserier'!$B$7:$B$182&'FNR tidsserier'!$C$7:$C$182,INDEX('FNR tidsserier'!$D$7:$R$182,,MATCH(C$5,'FNR tidsserier'!$D$7:$R$7,0)),"ikke funnet")} -> 0 | D27: {=_xlfn.XLOOKUP($B$6&$B27,'FNR tidsserier'!$B$7:$B$182&'FNR tidsserier'!$C$7:$C$182,INDEX('FNR tidsserier'!$D$7:$R$182,,MATCH(D$5,'FNR tidsserier'!$D$7:$R$7,0)),"ikke funnet")} -> 0 | E27: {=_xlfn.XLOOKUP($B$6&$B27,'FNR tidsserier'!$B$7:$B$182&'FNR tidsserier'!$C$7:$C$182,INDEX('FNR tidsserier'!$D$7:$R$182,,MATCH(E$5,'FNR tidsserier'!$D$7:$R$7,0)),"ikke funnet")} -> 0 | F27: {=_xlfn.XLOOKUP($B$6&$B27,'FNR tidsserier'!$B$7:$B$182&'FNR tidsserier'!$C$7:$C$182,INDEX('FNR tidsserier'!$D$7:$R$182,,MATCH(F$5,'FNR tidsserier'!$D$7:$R$7,0)),"ikke funnet")} -> 0 | G27: {=_xlfn.XLOOKUP($B$6&$B27,'FNR tidsserier'!$B$7:$B$182&'FNR tidsserier'!$C$7:$C$182,INDEX('FNR tidsserier'!$D$7:$R$182,,MATCH(G$5,'FNR tidsserier'!$D$7:$R$7,0)),"ikke funnet")} -> 0 | H27: =IFERROR(G27*_xlfn.XLOOKUP($B27,$B$96:$B$117,$C$96:$C$117),0) -> 0 | I27: =IFERROR(H27*_xlfn.XLOOKUP($B27,$B$96:$B$117,$D$96:$D$117),0) -> 0
B28: Utvinning av råolje og naturgass, inkl. tjenester | C28: {=_xlfn.XLOOKUP($B$6&$B28,'FNR tidsserier'!$B$7:$B$182&'FNR tidsserier'!$C$7:$C$182,INDEX('FNR tidsserier'!$D$7:$R$182,,MATCH(C$5,'FNR tidsserier'!$D$7:$R$7,0)),"ikke funnet")} -> 0 | D28: {=_xlfn.XLOOKUP($B$6&$B28,'FNR tidsserier'!$B$7:$B$182&'FNR tidsserier'!$C$7:$C$182,INDEX('FNR tidsserier'!$D$7:$R$182,,MATCH(D$5,'FNR tidsserier'!$D$7:$R$7,0)),"ikke funnet")} -> 0 | E28: {=_xlfn.XLOOKUP($B$6&$B28,'FNR tidsserier'!$B$7:$B$182&'FNR tidsserier'!$C$7:$C$182,INDEX('FNR tidsserier'!$D$7:$R$182,,MATCH(E$5,'FNR tidsserier'!$D$7:$R$7,0)),"ikke funnet")} -> - | F28: {=_xlfn.XLOOKUP($B$6&$B28,'FNR tidsserier'!$B$7:$B$182&'FNR tidsserier'!$C$7:$C$182,INDEX('FNR tidsserier'!$D$7:$R$182,,MATCH(F$5,'FNR tidsserier'!$D$7:$R$7,0)),"ikke funnet")} -> - | G28: {=_xlfn.XLOOKUP($B$6&$B28,'FNR tidsserier'!$B$7:$B$182&'FNR tidsserier'!$C$7:$C$182,INDEX('FNR tidsserier'!$D$7:$R$182,,MATCH(G$5,'FNR tidsserier'!$D$7:$R$7,0)),"ikke funnet")} -> - | H28: =IFERROR(G28*_xlfn.XLOOKUP($B28,$B$96:$B$117,$C$96:$C$117),0) -> 0 | I28: =IFERROR(H28*_xlfn.XLOOKUP($B28,$B$96:$B$117,$D$96:$D$117),0) -> 0
B29: Fiske, fangst og akvakultur | C29: {=_xlfn.XLOOKUP($B$6&$B29,'FNR tidsserier'!$B$7:$B$182&'FNR tidsserier'!$C$7:$C$182,INDEX('FNR tidsserier'!$D$7:$R$182,,MATCH(C$5,'FNR tidsserier'!$D$7:$R$7,0)),"ikke funnet")} -> 0 | D29: {=_xlfn.XLOOKUP($B$6&$B29,'FNR tidsserier'!$B$7:$B$182&'FNR tidsserier'!$C$7:$C$182,INDEX('FNR tidsserier'!$D$7:$R$182,,MATCH(D$5,'FNR tidsserier'!$D$7:$R$7,0)),"ikke funnet")} -> 0 | E29: {=_xlfn.XLOOKUP($B$6&$B29,'FNR tidsserier'!$B$7:$B$182&'FNR tidsserier'!$C$7:$C$182,INDEX('FNR tidsserier'!$D$7:$R$182,,MATCH(E$5,'FNR tidsserier'!$D$7:$R$7,0)),"ikke funnet")} -> - | F29: {=_xlfn.XLOOKUP($B$6&$B29,'FNR tidsserier'!$B$7:$B$182&'FNR tidsserier'!$C$7:$C$182,INDEX('FNR tidsserier'!$D$7:$R$182,,MATCH(F$5,'FNR tidsserier'!$D$7:$R$7,0)),"ikke funnet")} -> - | G29: {=_xlfn.XLOOKUP($B$6&$B29,'FNR tidsserier'!$B$7:$B$182&'FNR tidsserier'!$C$7:$C$182,INDEX('FNR tidsserier'!$D$7:$R$182,,MATCH(G$5,'FNR tidsserier'!$D$7:$R$7,0)),"ikke funnet")} -> - | H29: =IFERROR(G29*_xlfn.XLOOKUP($B29,$B$96:$B$117,$C$96:$C$117),0) -> 0 | I29: =IFERROR(H29*_xlfn.XLOOKUP($B29,$B$96:$B$117,$D$96:$D$117),0) -> 0
B30: Fastlands-Norge | C30: {=_xlfn.XLOOKUP($B$6&$B30,'FNR tidsserier'!$B$7:$B$182&'FNR tidsserier'!$C$7:$C$182,INDEX('FNR tidsserier'!$D$7:$R$182,,MATCH(C$5,'FNR tidsserier'!$D$7:$R$7,0)),"ikke funnet")} -> 0 | D30: {=_xlfn.XLOOKUP($B$6&$B30,'FNR tidsserier'!$B$7:$B$182&'FNR tidsserier'!$C$7:$C$182,INDEX('FNR tidsserier'!$D$7:$R$182,,MATCH(D$5,'FNR tidsserier'!$D$7:$R$7,0)),"ikke funnet")} -> 0 | E30: {=_xlfn.XLOOKUP($B$6&$B30,'FNR tidsserier'!$B$7:$B$182&'FNR tidsserier'!$C$7:$C$182,INDEX('FNR tidsserier'!$D$7:$R$182,,MATCH(E$5,'FNR tidsserier'!$D$7:$R$7,0)),"ikke funnet")} -> - | F30: {=_xlfn.XLOOKUP($B$6&$B30,'FNR tidsserier'!$B$7:$B$182&'FNR tidsserier'!$C$7:$C$182,INDEX('FNR tidsserier'!$D$7:$R$182,,MATCH(F$5,'FNR tidsserier'!$D$7:$R$7,0)),"ikke funnet")} -> - | G30: {=_xlfn.XLOOKUP($B$6&$B30,'FNR tidsserier'!$B$7:$B$182&'FNR tidsserier'!$C$7:$C$182,INDEX('FNR tidsserier'!$D$7:$R$182,,MATCH(G$5,'FNR tidsserier'!$D$7:$R$7,0)),"ikke funnet")} -> - | H30: =IFERROR(G30*_xlfn.XLOOKUP($B30,$B$96:$B$117,$C$96:$C$117),0) -> 0 | I30: =IFERROR(H30*_xlfn.XLOOKUP($B30,$B$96:$B$117,$D$96:$D$117),0) -> 0
B31: Transport utenom utenriks sjøfart | C31: {=_xlfn.XLOOKUP($B$6&$B31,'FNR tidsserier'!$B$7:$B$182&'FNR tidsserier'!$C$7:$C$182,INDEX('FNR tidsserier'!$D$7:$R$182,,MATCH(C$5,'FNR tidsserier'!$D$7:$R$7,0)),"ikke funnet")} -> 0 | D31: {=_xlfn.XLOOKUP($B$6&$B31,'FNR tidsserier'!$B$7:$B$182&'FNR tidsserier'!$C$7:$C$182,INDEX('FNR tidsserier'!$D$7:$R$182,,MATCH(D$5,'FNR tidsserier'!$D$7:$R$7,0)),"ikke funnet")} -> 0 | E31: {=_xlfn.XLOOKUP($B$6&$B31,'FNR tidsserier'!$B$7:$B$182&'FNR tidsserier'!$C$7:$C$182,INDEX('FNR tidsserier'!$D$7:$R$182,,MATCH(E$5,'FNR tidsserier'!$D$7:$R$7,0)),"ikke funnet")} -> 0 | F31: {=_xlfn.XLOOKUP($B$6&$B31,'FNR tidsserier'!$B$7:$B$182&'FNR tidsserier'!$C$7:$C$182,INDEX('FNR tidsserier'!$D$7:$R$182,,MATCH(F$5,'FNR tidsserier'!$D$7:$R$7,0)),"ikke funnet")} -> 0 | G31: {=_xlfn.XLOOKUP($B$6&$B31,'FNR tidsserier'!$B$7:$B$182&'FNR tidsserier'!$C$7:$C$182,INDEX('FNR tidsserier'!$D$7:$R$182,,MATCH(G$5,'FNR tidsserier'!$D$7:$R$7,0)),"ikke funnet")} -> 0 | H31: =IFERROR(G31*_xlfn.XLOOKUP($B31,$B$96:$B$117,$C$96:$C$117),0) -> 0 | I31: =IFERROR(H31*_xlfn.XLOOKUP($B31,$B$96:$B$117,$D$96:$D$117),0) -> 0
B33: Totalt for næringer | C33: =C85 -> 70772 | D33: =D85 -> 72842 | E33: =SUM(E7:E31) -> 71586.022 | F33: =SUM(F7:F31) -> 80769.663 | G33: =SUM(G7:G31) -> 89798.138 | H33: =SUM(H7:H31) -> 86489.868 | I33: =SUM(I7:I31) -> 87593.616
B37: Understøttende beregninger:
C40: 2018 | D40: 2019 | E40: 2020 | F40: 2021 | G40: 2022 | H40: 2023 | I40: 2024
B41: Elektrisitets-, gass- og varmtvannsforsyning | C41: 7098 | D41: 6298 | E41: =D41*E47 -> 6540.5821 | F41: =E41*F47 -> 12467.809 | G41: =F41*G47 -> 18935.982 | H41: =G41*C99 -> 13393.806 | I41: =H41*D99 -> 13784.698
B42: Informasjon og kommunikasjon | C42: 1453 | D42: 1489 | E42: =D42*E48 -> 1370.4766 | F42: =E42*F48 -> 1670.6181 | G42: =F42*G48 -> 1636.2693 | H42: =G42*C106 -> 1818.957 | I42: =H42*D106 -> 1942.1638
B43: Bergverksdrift | C43: 186 | D43: 155 | E43: =D43*E49 -> 180.29311 | F43: =E43*F49 -> 189.29748 | G43: =F43*G49 -> 209.57964 | H43: =G43*C96 -> 423.22998 | I43: =H43*D96 -> 488.09282
B44: Sum av disse 3 | C44: =SUM(C41:C43) -> 8737 | D44: =SUM(D41:D43) -> 7942 | E44: =SUM(E41:E43) -> 8091.3518 | F44: =SUM(F41:F43) -> 14327.725 | G44: =SUM(G41:G43) -> 20781.831 | H44: =SUM(H41:H43) -> 15635.993 | I44: =SUM(I41:I43) -> 16214.955
D46: Estimert vekst i bruttoprodukt (BRREG) | E46: 2020 | F46: 2021 | G46: 2022
D47: Elektrisitets-, gass- og varmtvannsforsyning | E47: 1.0385173 | F47: 1.9062232 | G47: 1.5187898
D48: Informasjon og kommunikasjon | E48: 0.9204007 | F48: 1.2190051 | G48: 0.97943948
D49: Bergverksdrift | E49: 1.1631814 | F49: 1.049943 | G49: 1.1071444
D52: Samlet bruttoprodukt (FNR alle næringer): | E52: =E85 -> 71586.022 | F52: =F85 -> 80769.663 | G52: =G85 -> 89798.138
D53: Sum uten de 3 overnevnte næringene: | E53: =E86 -> 62936.084 | F53: =F86 -> 68399.951 | G53: =G86 -> 73705.394
D54: Diff til fordeling: | E54: =E52-E53 -> 8649.9375 | F54: =F52-F53 -> 12369.712 | G54: =G52-G53 -> 16092.744
C57: 2018 | D57: 2019 | E57: 2020 | F57: 2021 | G57: 2022
B58: 08 Telemark (-2019)
B59: Helse- og omsorgstjenester | C59: {=_xlfn.XLOOKUP($B$58&$B59,'FNR tidsserier'!$B$7:$B$182&'FNR tidsserier'!$C$7:$C$182,INDEX('FNR tidsserier'!$D$7:$R$182,,MATCH(C$57,'FNR tidsserier'!$D$7:$R$7,0)),"ikke funnet")} -> 11708 | D59: {=_xlfn.XLOOKUP($B$58&$B59,'FNR tidsserier'!$B$7:$B$182&'FNR tidsserier'!$C$7:$C$182,INDEX('FNR tidsserier'!$D$7:$R$182,,MATCH(D$57,'FNR tidsserier'!$D$7:$R$7,0)),"ikke funnet")} -> 12046 | E59: {=_xlfn.XLOOKUP($B$58&$B59,'FNR tidsserier'!$B$7:$B$182&'FNR tidsserier'!$C$7:$C$182,INDEX('FNR tidsserier'!$D$7:$R$182,,MATCH(E$57,'FNR tidsserier'!$D$7:$R$7,0)),"ikke funnet")} -> 12005.999 | F59: {=_xlfn.XLOOKUP($B$58&$B59,'FNR tidsserier'!$B$7:$B$182&'FNR tidsserier'!$C$7:$C$182,INDEX('FNR tidsserier'!$D$7:$R$182,,MATCH(F$57,'FNR tidsserier'!$D$7:$R$7,0)),"ikke funnet")} -> 12733.049 | G59: {=_xlfn.XLOOKUP($B$58&$B59,'FNR tidsserier'!$B$7:$B$182&'FNR tidsserier'!$C$7:$C$182,INDEX('FNR tidsserier'!$D$7:$R$182,,MATCH(G$57,'FNR tidsserier'!$D$7:$R$7,0)),"ikke funnet")} -> 13726.479
B60: Industri | C60: {=_xlfn.XLOOKUP($B$58&$B60,'FNR tidsserier'!$B$7:$B$182&'FNR tidsserier'!$C$7:$C$182,INDEX('FNR tidsserier'!$D$7:$R$182,,MATCH(C$57,'FNR tidsserier'!$D$7:$R$7,0)),"ikke funnet")} -> 9370 | D60: {=_xlfn.XLOOKUP($B$58&$B60,'FNR tidsserier'!$B$7:$B$182&'FNR tidsserier'!$C$7:$C$182,INDEX('FNR tidsserier'!$D$7:$R$182,,MATCH(D$57,'FNR tidsserier'!$D$7:$R$7,0)),"ikke funnet")} -> 10055 | E60: {=_xlfn.XLOOKUP($B$58&$B60,'FNR tidsserier'!$B$7:$B$182&'FNR tidsserier'!$C$7:$C$182,INDEX('FNR tidsserier'!$D$7:$R$182,,MATCH(E$57,'FNR tidsserier'!$D$7:$R$7,0)),"ikke funnet")} -> 9918.2753 | F60: {=_xlfn.XLOOKUP($B$58&$B60,'FNR tidsserier'!$B$7:$B$182&'FNR tidsserier'!$C$7:$C$182,INDEX('FNR tidsserier'!$D$7:$R$182,,MATCH(F$57,'FNR tidsserier'!$D$7:$R$7,0)),"ikke funnet")} -> 10857.706 | G60: {=_xlfn.XLOOKUP($B$58&$B60,'FNR tidsserier'!$B$7:$B$182&'FNR tidsserier'!$C$7:$C$182,INDEX('FNR tidsserier'!$D$7:$R$182,,MATCH(G$57,'FNR tidsserier'!$D$7:$R$7,0)),"ikke funnet")} -> 11377.26
B61: Varehandel og reparasjon av motorvogner | C61: {=_xlfn.XLOOKUP($B$58&$B61,'FNR tidsserier'!$B$7:$B$182&'FNR tidsserier'!$C$7:$C$182,INDEX('FNR tidsserier'!$D$7:$R$182,,MATCH(C$57,'FNR tidsserier'!$D$7:$R$7,0)),"ikke funnet")} -> 6494 | D61: {=_xlfn.XLOOKUP($B$58&$B61,'FNR tidsserier'!$B$7:$B$182&'FNR tidsserier'!$C$7:$C$182,INDEX('FNR tidsserier'!$D$7:$R$182,,MATCH(D$57,'FNR tidsserier'!$D$7:$R$7,0)),"ikke funnet")} -> 6543 | E61: {=_xlfn.XLOOKUP($B$58&$B61,'FNR tidsserier'!$B$7:$B$182&'FNR tidsserier'!$C$7:$C$182,INDEX('FNR tidsserier'!$D$7:$R$182,,MATCH(E$57,'FNR tidsserier'!$D$7:$R$7,0)),"ikke funnet")} -> 7271.9079 | F61: {=_xlfn.XLOOKUP($B$58&$B61,'FNR tidsserier'!$B$7:$B$182&'FNR tidsserier'!$C$7:$C$182,INDEX('FNR tidsserier'!$D$7:$R$182,,MATCH(F$57,'FNR tidsserier'!$D$7:$R$7,0)),"ikke funnet")} -> 8057.2361 | G61: {=_xlfn.XLOOKUP($B$58&$B61,'FNR tidsserier'!$B$7:$B$182&'FNR tidsserier'!$C$7:$C$182,INDEX('FNR tidsserier'!$D$7:$R$182,,MATCH(G$57,'FNR tidsserier'!$D$7:$R$7,0)),"ikke funnet")} -> 7846.2734
B62: Bygge- og anleggsvirksomhet | C62: {=_xlfn.XLOOKUP($B$58&$B62,'FNR tidsserier'!$B$7:$B$182&'FNR tidsserier'!$C$7:$C$182,INDEX('FNR tidsserier'!$D$7:$R$182,,MATCH(C$57,'FNR tidsserier'!$D$7:$R$7,0)),"ikke funnet")} -> 6082 | D62: {=_xlfn.XLOOKUP($B$58&$B62,'FNR tidsserier'!$B$7:$B$182&'FNR tidsserier'!$C$7:$C$182,INDEX('FNR tidsserier'!$D$7:$R$182,,MATCH(D$57,'FNR tidsserier'!$D$7:$R$7,0)),"ikke funnet")} -> 6392 | E62: {=_xlfn.XLOOKUP($B$58&$B62,'FNR tidsserier'!$B$7:$B$182&'FNR tidsserier'!$C$7:$C$182,INDEX('FNR tidsserier'!$D$7:$R$182,,MATCH(E$57,'FNR tidsserier'!$D$7:$R$7,0)),"ikke funnet")} -> 6363.4974 | F62: {=_xlfn.XLOOKUP($B$58&$B62,'FNR tidsserier'!$B$7:$B$182&'FNR tidsserier'!$C$7:$C$182,INDEX('FNR tidsserier'!$D$7:$R$182,,MATCH(F$57,'FNR tidsserier'!$D$7:$R$7,0)),"ikke funnet")} -> 6756.6771 | G62: {=_xlfn.XLOOKUP($B$58&$B62,'FNR tidsserier'!$B$7:$B$182&'FNR tidsserier'!$C$7:$C$182,INDEX('FNR tidsserier'!$D$7:$R$182,,MATCH(G$57,'FNR tidsserier'!$D$7:$R$7,0)),"ikke funnet")} -> 7291.1983
B63: Undervisning | C63: {=_xlfn.XLOOKUP($B$58&$B63,'FNR tidsserier'!$B$7:$B$182&'FNR tidsserier'!$C$7:$C$182,INDEX('FNR tidsserier'!$D$7:$R$182,,MATCH(C$57,'FNR tidsserier'!$D$7:$R$7,0)),"ikke funnet")} -> 4990 | D63: {=_xlfn.XLOOKUP($B$58&$B63,'FNR tidsserier'!$B$7:$B$182&'FNR tidsserier'!$C$7:$C$182,INDEX('FNR tidsserier'!$D$7:$R$182,,MATCH(D$57,'FNR tidsserier'!$D$7:$R$7,0)),"ikke funnet")} -> 5175 | E63: {=_xlfn.XLOOKUP($B$58&$B63,'FNR tidsserier'!$B$7:$B$182&'FNR tidsserier'!$C$7:$C$182,INDEX('FNR tidsserier'!$D$7:$R$182,,MATCH(E$57,'FNR tidsserier'!$D$7:$R$7,0)),"ikke funnet")} -> 5044.3672 | F63: {=_xlfn.XLOOKUP($B$58&$B63,'FNR tidsserier'!$B$7:$B$182&'FNR tidsserier'!$C$7:$C$182,INDEX('FNR tidsserier'!$D$7:$R$182,,MATCH(F$57,'FNR tidsserier'!$D$7:$R$7,0)),"ikke funnet")} -> 5343.1456 | G63: {=_xlfn.XLOOKUP($B$58&$B63,'FNR tidsserier'!$B$7:$B$182&'FNR tidsserier'!$C$7:$C$182,INDEX('FNR tidsserier'!$D$7:$R$182,,MATCH(G$57,'FNR tidsserier'!$D$7:$R$7,0)),"ikke funnet")} -> 5882.8885
B64: Offentlig administrasjon og forsvar | C64: {=_xlfn.XLOOKUP($B$58&$B64,'FNR tidsserier'!$B$7:$B$182&'FNR tidsserier'!$C$7:$C$182,INDEX('FNR tidsserier'!$D$7:$R$182,,MATCH(C$57,'FNR tidsserier'!$D$7:$R$7,0)),"ikke funnet")} -> 4635 | D64: {=_xlfn.XLOOKUP($B$58&$B64,'FNR tidsserier'!$B$7:$B$182&'FNR tidsserier'!$C$7:$C$182,INDEX('FNR tidsserier'!$D$7:$R$182,,MATCH(D$57,'FNR tidsserier'!$D$7:$R$7,0)),"ikke funnet")} -> 4833 | E64: {=_xlfn.XLOOKUP($B$58&$B64,'FNR tidsserier'!$B$7:$B$182&'FNR tidsserier'!$C$7:$C$182,INDEX('FNR tidsserier'!$D$7:$R$182,,MATCH(E$57,'FNR tidsserier'!$D$7:$R$7,0)),"ikke funnet")} -> 5119.9232 | F64: {=_xlfn.XLOOKUP($B$58&$B64,'FNR tidsserier'!$B$7:$B$182&'FNR tidsserier'!$C$7:$C$182,INDEX('FNR tidsserier'!$D$7:$R$182,,MATCH(F$57,'FNR tidsserier'!$D$7:$R$7,0)),"ikke funnet")} -> 5381.3067 | G64: {=_xlfn.XLOOKUP($B$58&$B64,'FNR tidsserier'!$B$7:$B$182&'FNR tidsserier'!$C$7:$C$182,INDEX('FNR tidsserier'!$D$7:$R$182,,MATCH(G$57,'FNR tidsserier'!$D$7:$R$7,0)),"ikke funnet")} -> 5603.9814
B65: Elektrisitets-, gass- og varmtvannsforsyning | C65: {=_xlfn.XLOOKUP($B$58&$B65,'FNR tidsserier'!$B$7:$B$182&'FNR tidsserier'!$C$7:$C$182,INDEX('FNR tidsserier'!$D$7:$R$182,,MATCH(C$57,'FNR tidsserier'!$D$7:$R$7,0)),"ikke funnet")} -> 7098 | D65: {=_xlfn.XLOOKUP($B$58&$B65,'FNR tidsserier'!$B$7:$B$182&'FNR tidsserier'!$C$7:$C$182,INDEX('FNR tidsserier'!$D$7:$R$182,,MATCH(D$57,'FNR tidsserier'!$D$7:$R$7,0)),"ikke funnet")} -> 6298 | E65: {=_xlfn.XLOOKUP($B$58&$B65,'FNR tidsserier'!$B$7:$B$182&'FNR tidsserier'!$C$7:$C$182,INDEX('FNR tidsserier'!$D$7:$R$182,,MATCH(E$57,'FNR tidsserier'!$D$7:$R$7,0)),"ikke funnet")} -> 0 | F65: {=_xlfn.XLOOKUP($B$58&$B65,'FNR tidsserier'!$B$7:$B$182&'FNR tidsserier'!$C$7:$C$182,INDEX('FNR tidsserier'!$D$7:$R$182,,MATCH(F$57,'FNR tidsserier'!$D$7:$R$7,0)),"ikke funnet")} -> - | G65: {=_xlfn.XLOOKUP($B$58&$B65,'FNR tidsserier'!$B$7:$B$182&'FNR tidsserier'!$C$7:$C$182,INDEX('FNR tidsserier'!$D$7:$R$182,,MATCH(G$57,'FNR tidsserier'!$D$7:$R$7,0)),"ikke funnet")} -> - | H65: *Mangler i FNR sitt publiserte underlag. Estimeres basert på vekst i bruttoprodukt i BRREG, og bruk av relative størrelser som proxy for å samsvare med samlet bruttoprodukt i FNR
B66: Faglig, vitenskapelig og teknisk tjenesteyting | C66: {=_xlfn.XLOOKUP($B$58&$B66,'FNR tidsserier'!$B$7:$B$182&'FNR tidsserier'!$C$7:$C$182,INDEX('FNR tidsserier'!$D$7:$R$182,,MATCH(C$57,'FNR tidsserier'!$D$7:$R$7,0)),"ikke funnet")} -> 3712 | D66: {=_xlfn.XLOOKUP($B$58&$B66,'FNR tidsserier'!$B$7:$B$182&'FNR tidsserier'!$C$7:$C$182,INDEX('FNR tidsserier'!$D$7:$R$182,,MATCH(D$57,'FNR tidsserier'!$D$7:$R$7,0)),"ikke funnet")} -> 3581 | E66: {=_xlfn.XLOOKUP($B$58&$B66,'FNR tidsserier'!$B$7:$B$182&'FNR tidsserier'!$C$7:$C$182,INDEX('FNR tidsserier'!$D$7:$R$182,,MATCH(E$57,'FNR tidsserier'!$D$7:$R$7,0)),"ikke funnet")} -> 3466.7742 | F66: {=_xlfn.XLOOKUP($B$58&$B66,'FNR tidsserier'!$B$7:$B$182&'FNR tidsserier'!$C$7:$C$182,INDEX('FNR tidsserier'!$D$7:$R$182,,MATCH(F$57,'FNR tidsserier'!$D$7:$R$7,0)),"ikke funnet")} -> 4333.4678 | G66: {=_xlfn.XLOOKUP($B$58&$B66,'FNR tidsserier'!$B$7:$B$182&'FNR tidsserier'!$C$7:$C$182,INDEX('FNR tidsserier'!$D$7:$R$182,,MATCH(G$57,'FNR tidsserier'!$D$7:$R$7,0)),"ikke funnet")} -> 5056.6013
B67: Boligtjenester, egen bolig | C67: {=_xlfn.XLOOKUP($B$58&$B67,'FNR tidsserier'!$B$7:$B$182&'FNR tidsserier'!$C$7:$C$182,INDEX('FNR tidsserier'!$D$7:$R$182,,MATCH(C$57,'FNR tidsserier'!$D$7:$R$7,0)),"ikke funnet")} -> 4635 | D67: {=_xlfn.XLOOKUP($B$58&$B67,'FNR tidsserier'!$B$7:$B$182&'FNR tidsserier'!$C$7:$C$182,INDEX('FNR tidsserier'!$D$7:$R$182,,MATCH(D$57,'FNR tidsserier'!$D$7:$R$7,0)),"ikke funnet")} -> 4984 | E67: {=_xlfn.XLOOKUP($B$58&$B67,'FNR tidsserier'!$B$7:$B$182&'FNR tidsserier'!$C$7:$C$182,INDEX('FNR tidsserier'!$D$7:$R$182,,MATCH(E$57,'FNR tidsserier'!$D$7:$R$7,0)),"ikke funnet")} -> 4690.4358 | F67: {=_xlfn.XLOOKUP($B$58&$B67,'FNR tidsserier'!$B$7:$B$182&'FNR tidsserier'!$C$7:$C$182,INDEX('FNR tidsserier'!$D$7:$R$182,,MATCH(F$57,'FNR tidsserier'!$D$7:$R$7,0)),"ikke funnet")} -> 5064.862 | G67: {=_xlfn.XLOOKUP($B$58&$B67,'FNR tidsserier'!$B$7:$B$182&'FNR tidsserier'!$C$7:$C$182,INDEX('FNR tidsserier'!$D$7:$R$182,,MATCH(G$57,'FNR tidsserier'!$D$7:$R$7,0)),"ikke funnet")} -> 6201.3248
B68: Forretningsmessig tjenesteyting | C68: {=_xlfn.XLOOKUP($B$58&$B68,'FNR tidsserier'!$B$7:$B$182&'FNR tidsserier'!$C$7:$C$182,INDEX('FNR tidsserier'!$D$7:$R$182,,MATCH(C$57,'FNR tidsserier'!$D$7:$R$7,0)),"ikke funnet")} -> 1558 | D68: {=_xlfn.XLOOKUP($B$58&$B68,'FNR tidsserier'!$B$7:$B$182&'FNR tidsserier'!$C$7:$C$182,INDEX('FNR tidsserier'!$D$7:$R$182,,MATCH(D$57,'FNR tidsserier'!$D$7:$R$7,0)),"ikke funnet")} -> 1841 | E68: {=_xlfn.XLOOKUP($B$58&$B68,'FNR tidsserier'!$B$7:$B$182&'FNR tidsserier'!$C$7:$C$182,INDEX('FNR tidsserier'!$D$7:$R$182,,MATCH(E$57,'FNR tidsserier'!$D$7:$R$7,0)),"ikke funnet")} -> 1686.5911 | F68: {=_xlfn.XLOOKUP($B$58&$B68,'FNR tidsserier'!$B$7:$B$182&'FNR tidsserier'!$C$7:$C$182,INDEX('FNR tidsserier'!$D$7:$R$182,,MATCH(F$57,'FNR tidsserier'!$D$7:$R$7,0)),"ikke funnet")} -> 1746.8951 | G68: {=_xlfn.XLOOKUP($B$58&$B68,'FNR tidsserier'!$B$7:$B$182&'FNR tidsserier'!$C$7:$C$182,INDEX('FNR tidsserier'!$D$7:$R$182,,MATCH(G$57,'FNR tidsserier'!$D$7:$R$7,0)),"ikke funnet")} -> 1927.807
B69: Kultur, underholdning og annen tjenesteyting | C69: {=_xlfn.XLOOKUP($B$58&$B69,'FNR tidsserier'!$B$7:$B$182&'FNR tidsserier'!$C$7:$C$182,INDEX('FNR tidsserier'!$D$7:$R$182,,MATCH(C$57,'FNR tidsserier'!$D$7:$R$7,0)),"ikke funnet")} -> 1455 | D69: {=_xlfn.XLOOKUP($B$58&$B69,'FNR tidsserier'!$B$7:$B$182&'FNR tidsserier'!$C$7:$C$182,INDEX('FNR tidsserier'!$D$7:$R$182,,MATCH(D$57,'FNR tidsserier'!$D$7:$R$7,0)),"ikke funnet")} -> 1600 | E69: {=_xlfn.XLOOKUP($B$58&$B69,'FNR tidsserier'!$B$7:$B$182&'FNR tidsserier'!$C$7:$C$182,INDEX('FNR tidsserier'!$D$7:$R$182,,MATCH(E$57,'FNR tidsserier'!$D$7:$R$7,0)),"ikke funnet")} -> 1437.7542 | F69: {=_xlfn.XLOOKUP($B$58&$B69,'FNR tidsserier'!$B$7:$B$182&'FNR tidsserier'!$C$7:$C$182,INDEX('FNR tidsserier'!$D$7:$R$182,,MATCH(F$57,'FNR tidsserier'!$D$7:$R$7,0)),"ikke funnet")} -> 1565.6259 | G69: {=_xlfn.XLOOKUP($B$58&$B69,'FNR tidsserier'!$B$7:$B$182&'FNR tidsserier'!$C$7:$C$182,INDEX('FNR tidsserier'!$D$7:$R$182,,MATCH(G$57,'FNR tidsserier'!$D$7:$R$7,0)),"ikke funnet")} -> 1739.788
B70: Informasjon og kommunikasjon | C70: {=_xlfn.XLOOKUP($B$58&$B70,'FNR tidsserier'!$B$7:$B$182&'FNR tidsserier'!$C$7:$C$182,INDEX('FNR tidsserier'!$D$7:$R$182,,MATCH(C$57,'FNR tidsserier'!$D$7:$R$7,0)),"ikke funnet")} -> 1453 | D70: {=_xlfn.XLOOKUP($B$58&$B70,'FNR tidsserier'!$B$7:$B$182&'FNR tidsserier'!$C$7:$C$182,INDEX('FNR tidsserier'!$D$7:$R$182,,MATCH(D$57,'FNR tidsserier'!$D$7:$R$7,0)),"ikke funnet")} -> 1489 | E70: {=_xlfn.XLOOKUP($B$58&$B70,'FNR tidsserier'!$B$7:$B$182&'FNR tidsserier'!$C$7:$C$182,INDEX('FNR tidsserier'!$D$7:$R$182,,MATCH(E$57,'FNR tidsserier'!$D$7:$R$7,0)),"ikke funnet")} -> 0 | F70: {=_xlfn.XLOOKUP($B$58&$B70,'FNR tidsserier'!$B$7:$B$182&'FNR tidsserier'!$C$7:$C$182,INDEX('FNR tidsserier'!$D$7:$R$182,,MATCH(F$57,'FNR tidsserier'!$D$7:$R$7,0)),"ikke funnet")} -> - | G70: {=_xlfn.XLOOKUP($B$58&$B70,'FNR tidsserier'!$B$7:$B$182&'FNR tidsserier'!$C$7:$C$182,INDEX('FNR tidsserier'!$D$7:$R$182,,MATCH(G$57,'FNR tidsserier'!$D$7:$R$7,0)),"ikke funnet")} -> - | H70: *Mangler i FNR sitt publiserte underlag. Estimeres basert på vekst i bruttoprodukt i BRREG, og bruk av relative størrelser som proxy for å samsvare med samlet bruttoprodukt i FNR
B71: Finansierings- og forsikringsvirksomhet | C71: {=_xlfn.XLOOKUP($B$58&$B71,'FNR tidsserier'!$B$7:$B$182&'FNR tidsserier'!$C$7:$C$182,INDEX('FNR tidsserier'!$D$7:$R$182,,MATCH(C$57,'FNR tidsserier'!$D$7:$R$7,0)),"ikke funnet")} -> 1827 | D71: {=_xlfn.XLOOKUP($B$58&$B71,'FNR tidsserier'!$B$7:$B$182&'FNR tidsserier'!$C$7:$C$182,INDEX('FNR tidsserier'!$D$7:$R$182,,MATCH(D$57,'FNR tidsserier'!$D$7:$R$7,0)),"ikke funnet")} -> 1736 | E71: {=_xlfn.XLOOKUP($B$58&$B71,'FNR tidsserier'!$B$7:$B$182&'FNR tidsserier'!$C$7:$C$182,INDEX('FNR tidsserier'!$D$7:$R$182,,MATCH(E$57,'FNR tidsserier'!$D$7:$R$7,0)),"ikke funnet")} -> 2005.8722 | F71: {=_xlfn.XLOOKUP($B$58&$B71,'FNR tidsserier'!$B$7:$B$182&'FNR tidsserier'!$C$7:$C$182,INDEX('FNR tidsserier'!$D$7:$R$182,,MATCH(F$57,'FNR tidsserier'!$D$7:$R$7,0)),"ikke funnet")} -> 2035.9118 | G71: {=_xlfn.XLOOKUP($B$58&$B71,'FNR tidsserier'!$B$7:$B$182&'FNR tidsserier'!$C$7:$C$182,INDEX('FNR tidsserier'!$D$7:$R$182,,MATCH(G$57,'FNR tidsserier'!$D$7:$R$7,0)),"ikke funnet")} -> 2015.0779
B72: Omsetning og drift av fast eiendom | C72: {=_xlfn.XLOOKUP($B$58&$B72,'FNR tidsserier'!$B$7:$B$182&'FNR tidsserier'!$C$7:$C$182,INDEX('FNR tidsserier'!$D$7:$R$182,,MATCH(C$57,'FNR tidsserier'!$D$7:$R$7,0)),"ikke funnet")} -> 1134 | D72: {=_xlfn.XLOOKUP($B$58&$B72,'FNR tidsserier'!$B$7:$B$182&'FNR tidsserier'!$C$7:$C$182,INDEX('FNR tidsserier'!$D$7:$R$182,,MATCH(D$57,'FNR tidsserier'!$D$7:$R$7,0)),"ikke funnet")} -> 1375 | E72: {=_xlfn.XLOOKUP($B$58&$B72,'FNR tidsserier'!$B$7:$B$182&'FNR tidsserier'!$C$7:$C$182,INDEX('FNR tidsserier'!$D$7:$R$182,,MATCH(E$57,'FNR tidsserier'!$D$7:$R$7,0)),"ikke funnet")} -> 1320 | F72: {=_xlfn.XLOOKUP($B$58&$B72,'FNR tidsserier'!$B$7:$B$182&'FNR tidsserier'!$C$7:$C$182,INDEX('FNR tidsserier'!$D$7:$R$182,,MATCH(F$57,'FNR tidsserier'!$D$7:$R$7,0)),"ikke funnet")} -> 1401.9677 | G72: {=_xlfn.XLOOKUP($B$58&$B72,'FNR tidsserier'!$B$7:$B$182&'FNR tidsserier'!$C$7:$C$182,INDEX('FNR tidsserier'!$D$7:$R$182,,MATCH(G$57,'FNR tidsserier'!$D$7:$R$7,0)),"ikke funnet")} -> 1521.5484
B73: Overnattings- og serveringsvirksomhet | C73: {=_xlfn.XLOOKUP($B$58&$B73,'FNR tidsserier'!$B$7:$B$182&'FNR tidsserier'!$C$7:$C$182,INDEX('FNR tidsserier'!$D$7:$R$182,,MATCH(C$57,'FNR tidsserier'!$D$7:$R$7,0)),"ikke funnet")} -> 936 | D73: {=_xlfn.XLOOKUP($B$58&$B73,'FNR tidsserier'!$B$7:$B$182&'FNR tidsserier'!$C$7:$C$182,INDEX('FNR tidsserier'!$D$7:$R$182,,MATCH(D$57,'FNR tidsserier'!$D$7:$R$7,0)),"ikke funnet")} -> 1025 | E73: {=_xlfn.XLOOKUP($B$58&$B73,'FNR tidsserier'!$B$7:$B$182&'FNR tidsserier'!$C$7:$C$182,INDEX('FNR tidsserier'!$D$7:$R$182,,MATCH(E$57,'FNR tidsserier'!$D$7:$R$7,0)),"ikke funnet")} -> 748.99264 | F73: {=_xlfn.XLOOKUP($B$58&$B73,'FNR tidsserier'!$B$7:$B$182&'FNR tidsserier'!$C$7:$C$182,INDEX('FNR tidsserier'!$D$7:$R$182,,MATCH(F$57,'FNR tidsserier'!$D$7:$R$7,0)),"ikke funnet")} -> 986.87524 | G73: {=_xlfn.XLOOKUP($B$58&$B73,'FNR tidsserier'!$B$7:$B$182&'FNR tidsserier'!$C$7:$C$182,INDEX('FNR tidsserier'!$D$7:$R$182,,MATCH(G$57,'FNR tidsserier'!$D$7:$R$7,0)),"ikke funnet")} -> 1277.9737
B74: Vannforsyning, avløp og renovasjon | C74: {=_xlfn.XLOOKUP($B$58&$B74,'FNR tidsserier'!$B$7:$B$182&'FNR tidsserier'!$C$7:$C$182,INDEX('FNR tidsserier'!$D$7:$R$182,,MATCH(C$57,'FNR tidsserier'!$D$7:$R$7,0)),"ikke funnet")} -> 851 | D74: {=_xlfn.XLOOKUP($B$58&$B74,'FNR tidsserier'!$B$7:$B$182&'FNR tidsserier'!$C$7:$C$182,INDEX('FNR tidsserier'!$D$7:$R$182,,MATCH(D$57,'FNR tidsserier'!$D$7:$R$7,0)),"ikke funnet")} -> 929 | E74: {=_xlfn.XLOOKUP($B$58&$B74,'FNR tidsserier'!$B$7:$B$182&'FNR tidsserier'!$C$7:$C$182,INDEX('FNR tidsserier'!$D$7:$R$182,,MATCH(E$57,'FNR tidsserier'!$D$7:$R$7,0)),"ikke funnet")} -> 1118.5735 | F74: {=_xlfn.XLOOKUP($B$58&$B74,'FNR tidsserier'!$B$7:$B$182&'FNR tidsserier'!$C$7:$C$182,INDEX('FNR tidsserier'!$D$7:$R$182,,MATCH(F$57,'FNR tidsserier'!$D$7:$R$7,0)),"ikke funnet")} -> 1334.6514 | G74: {=_xlfn.XLOOKUP($B$58&$B74,'FNR tidsserier'!$B$7:$B$182&'FNR tidsserier'!$C$7:$C$182,INDEX('FNR tidsserier'!$D$7:$R$182,,MATCH(G$57,'FNR tidsserier'!$D$7:$R$7,0)),"ikke funnet")} -> 1342.7374
B75: Jordbruk og skogbruk | C75: {=_xlfn.XLOOKUP($B$58&$B75,'FNR tidsserier'!$B$7:$B$182&'FNR tidsserier'!$C$7:$C$182,INDEX('FNR tidsserier'!$D$7:$R$182,,MATCH(C$57,'FNR tidsserier'!$D$7:$R$7,0)),"ikke funnet")} -> 569 | D75: {=_xlfn.XLOOKUP($B$58&$B75,'FNR tidsserier'!$B$7:$B$182&'FNR tidsserier'!$C$7:$C$182,INDEX('FNR tidsserier'!$D$7:$R$182,,MATCH(D$57,'FNR tidsserier'!$D$7:$R$7,0)),"ikke funnet")} -> 716 | E75: {=_xlfn.XLOOKUP($B$58&$B75,'FNR tidsserier'!$B$7:$B$182&'FNR tidsserier'!$C$7:$C$182,INDEX('FNR tidsserier'!$D$7:$R$182,,MATCH(E$57,'FNR tidsserier'!$D$7:$R$7,0)),"ikke funnet")} -> 731.90072 | F75: {=_xlfn.XLOOKUP($B$58&$B75,'FNR tidsserier'!$B$7:$B$182&'FNR tidsserier'!$C$7:$C$182,INDEX('FNR tidsserier'!$D$7:$R$182,,MATCH(F$57,'FNR tidsserier'!$D$7:$R$7,0)),"ikke funnet")} -> 788.95624 | G75: {=_xlfn.XLOOKUP($B$58&$B75,'FNR tidsserier'!$B$7:$B$182&'FNR tidsserier'!$C$7:$C$182,INDEX('FNR tidsserier'!$D$7:$R$182,,MATCH(G$57,'FNR tidsserier'!$D$7:$R$7,0)),"ikke funnet")} -> 876.41019
B76: Bergverksdrift | C76: {=_xlfn.XLOOKUP($B$58&$B76,'FNR tidsserier'!$B$7:$B$182&'FNR tidsserier'!$C$7:$C$182,INDEX('FNR tidsserier'!$D$7:$R$182,,MATCH(C$57,'FNR tidsserier'!$D$7:$R$7,0)),"ikke funnet")} -> 186 | D76: {=_xlfn.XLOOKUP($B$58&$B76,'FNR tidsserier'!$B$7:$B$182&'FNR tidsserier'!$C$7:$C$182,INDEX('FNR tidsserier'!$D$7:$R$182,,MATCH(D$57,'FNR tidsserier'!$D$7:$R$7,0)),"ikke funnet")} -> 155 | E76: {=_xlfn.XLOOKUP($B$58&$B76,'FNR tidsserier'!$B$7:$B$182&'FNR tidsserier'!$C$7:$C$182,INDEX('FNR tidsserier'!$D$7:$R$182,,MATCH(E$57,'FNR tidsserier'!$D$7:$R$7,0)),"ikke funnet")} -> 0 | F76: {=_xlfn.XLOOKUP($B$58&$B76,'FNR tidsserier'!$B$7:$B$182&'FNR tidsserier'!$C$7:$C$182,INDEX('FNR tidsserier'!$D$7:$R$182,,MATCH(F$57,'FNR tidsserier'!$D$7:$R$7,0)),"ikke funnet")} -> - | G76: {=_xlfn.XLOOKUP($B$58&$B76,'FNR tidsserier'!$B$7:$B$182&'FNR tidsserier'!$C$7:$C$182,INDEX('FNR tidsserier'!$D$7:$R$182,,MATCH(G$57,'FNR tidsserier'!$D$7:$R$7,0)),"ikke funnet")} -> - | H76: *Mangler i FNR sitt publiserte underlag. Estimeres basert på vekst i bruttoprodukt i BRREG, og bruk av relative størrelser som proxy for å samsvare med samlet bruttoprodukt i FNR
B77: Utenriks sjøfart | C77: {=_xlfn.XLOOKUP($B$58&$B77,'FNR tidsserier'!$B$7:$B$182&'FNR tidsserier'!$C$7:$C$182,INDEX('FNR tidsserier'!$D$7:$R$182,,MATCH(C$57,'FNR tidsserier'!$D$7:$R$7,0)),"ikke funnet")} -> 14 | D77: {=_xlfn.XLOOKUP($B$58&$B77,'FNR tidsserier'!$B$7:$B$182&'FNR tidsserier'!$C$7:$C$182,INDEX('FNR tidsserier'!$D$7:$R$182,,MATCH(D$57,'FNR tidsserier'!$D$7:$R$7,0)),"ikke funnet")} -> 16 | E77: {=_xlfn.XLOOKUP($B$58&$B77,'FNR tidsserier'!$B$7:$B$182&'FNR tidsserier'!$C$7:$C$182,INDEX('FNR tidsserier'!$D$7:$R$182,,MATCH(E$57,'FNR tidsserier'!$D$7:$R$7,0)),"ikke funnet")} -> 5.2197483 | F77: {=_xlfn.XLOOKUP($B$58&$B77,'FNR tidsserier'!$B$7:$B$182&'FNR tidsserier'!$C$7:$C$182,INDEX('FNR tidsserier'!$D$7:$R$182,,MATCH(F$57,'FNR tidsserier'!$D$7:$R$7,0)),"ikke funnet")} -> 11.616651 | G77: {=_xlfn.XLOOKUP($B$58&$B77,'FNR tidsserier'!$B$7:$B$182&'FNR tidsserier'!$C$7:$C$182,INDEX('FNR tidsserier'!$D$7:$R$182,,MATCH(G$57,'FNR tidsserier'!$D$7:$R$7,0)),"ikke funnet")} -> 18.04453
B78: Rørtransport | C78: {=_xlfn.XLOOKUP($B$58&$B78,'FNR tidsserier'!$B$7:$B$182&'FNR tidsserier'!$C$7:$C$182,INDEX('FNR tidsserier'!$D$7:$R$182,,MATCH(C$57,'FNR tidsserier'!$D$7:$R$7,0)),"ikke funnet")} -> 0 | D78: {=_xlfn.XLOOKUP($B$58&$B78,'FNR tidsserier'!$B$7:$B$182&'FNR tidsserier'!$C$7:$C$182,INDEX('FNR tidsserier'!$D$7:$R$182,,MATCH(D$57,'FNR tidsserier'!$D$7:$R$7,0)),"ikke funnet")} -> 0 | E78: {=_xlfn.XLOOKUP($B$58&$B78,'FNR tidsserier'!$B$7:$B$182&'FNR tidsserier'!$C$7:$C$182,INDEX('FNR tidsserier'!$D$7:$R$182,,MATCH(E$57,'FNR tidsserier'!$D$7:$R$7,0)),"ikke funnet")} -> - | F78: {=_xlfn.XLOOKUP($B$58&$B78,'FNR tidsserier'!$B$7:$B$182&'FNR tidsserier'!$C$7:$C$182,INDEX('FNR tidsserier'!$D$7:$R$182,,MATCH(F$57,'FNR tidsserier'!$D$7:$R$7,0)),"ikke funnet")} -> - | G78: {=_xlfn.XLOOKUP($B$58&$B78,'FNR tidsserier'!$B$7:$B$182&'FNR tidsserier'!$C$7:$C$182,INDEX('FNR tidsserier'!$D$7:$R$182,,MATCH(G$57,'FNR tidsserier'!$D$7:$R$7,0)),"ikke funnet")} -> -
B79: Post og distribusjonsvirksomhet | C79: {=_xlfn.XLOOKUP($B$58&$B79,'FNR tidsserier'!$B$7:$B$182&'FNR tidsserier'!$C$7:$C$182,INDEX('FNR tidsserier'!$D$7:$R$182,,MATCH(C$57,'FNR tidsserier'!$D$7:$R$7,0)),"ikke funnet")} -> 0 | D79: {=_xlfn.XLOOKUP($B$58&$B79,'FNR tidsserier'!$B$7:$B$182&'FNR tidsserier'!$C$7:$C$182,INDEX('FNR tidsserier'!$D$7:$R$182,,MATCH(D$57,'FNR tidsserier'!$D$7:$R$7,0)),"ikke funnet")} -> 0 | E79: {=_xlfn.XLOOKUP($B$58&$B79,'FNR tidsserier'!$B$7:$B$182&'FNR tidsserier'!$C$7:$C$182,INDEX('FNR tidsserier'!$D$7:$R$182,,MATCH(E$57,'FNR tidsserier'!$D$7:$R$7,0)),"ikke funnet")} -> 0 | F79: {=_xlfn.XLOOKUP($B$58&$B79,'FNR tidsserier'!$B$7:$B$182&'FNR tidsserier'!$C$7:$C$182,INDEX('FNR tidsserier'!$D$7:$R$182,,MATCH(F$57,'FNR tidsserier'!$D$7:$R$7,0)),"ikke funnet")} -> 0 | G79: {=_xlfn.XLOOKUP($B$58&$B79,'FNR tidsserier'!$B$7:$B$182&'FNR tidsserier'!$C$7:$C$182,INDEX('FNR tidsserier'!$D$7:$R$182,,MATCH(G$57,'FNR tidsserier'!$D$7:$R$7,0)),"ikke funnet")} -> 0
B80: Utvinning av råolje og naturgass, inkl. tjenester | C80: {=_xlfn.XLOOKUP($B$58&$B80,'FNR tidsserier'!$B$7:$B$182&'FNR tidsserier'!$C$7:$C$182,INDEX('FNR tidsserier'!$D$7:$R$182,,MATCH(C$57,'FNR tidsserier'!$D$7:$R$7,0)),"ikke funnet")} -> 0 | D80: {=_xlfn.XLOOKUP($B$58&$B80,'FNR tidsserier'!$B$7:$B$182&'FNR tidsserier'!$C$7:$C$182,INDEX('FNR tidsserier'!$D$7:$R$182,,MATCH(D$57,'FNR tidsserier'!$D$7:$R$7,0)),"ikke funnet")} -> 0 | E80: {=_xlfn.XLOOKUP($B$58&$B80,'FNR tidsserier'!$B$7:$B$182&'FNR tidsserier'!$C$7:$C$182,INDEX('FNR tidsserier'!$D$7:$R$182,,MATCH(E$57,'FNR tidsserier'!$D$7:$R$7,0)),"ikke funnet")} -> - | F80: {=_xlfn.XLOOKUP($B$58&$B80,'FNR tidsserier'!$B$7:$B$182&'FNR tidsserier'!$C$7:$C$182,INDEX('FNR tidsserier'!$D$7:$R$182,,MATCH(F$57,'FNR tidsserier'!$D$7:$R$7,0)),"ikke funnet")} -> - | G80: {=_xlfn.XLOOKUP($B$58&$B80,'FNR tidsserier'!$B$7:$B$182&'FNR tidsserier'!$C$7:$C$182,INDEX('FNR tidsserier'!$D$7:$R$182,,MATCH(G$57,'FNR tidsserier'!$D$7:$R$7,0)),"ikke funnet")} -> -
B81: Fiske, fangst og akvakultur | C81: {=_xlfn.XLOOKUP($B$58&$B81,'FNR tidsserier'!$B$7:$B$182&'FNR tidsserier'!$C$7:$C$182,INDEX('FNR tidsserier'!$D$7:$R$182,,MATCH(C$57,'FNR tidsserier'!$D$7:$R$7,0)),"ikke funnet")} -> 0 | D81: {=_xlfn.XLOOKUP($B$58&$B81,'FNR tidsserier'!$B$7:$B$182&'FNR tidsserier'!$C$7:$C$182,INDEX('FNR tidsserier'!$D$7:$R$182,,MATCH(D$57,'FNR tidsserier'!$D$7:$R$7,0)),"ikke funnet")} -> 0 | E81: {=_xlfn.XLOOKUP($B$58&$B81,'FNR tidsserier'!$B$7:$B$182&'FNR tidsserier'!$C$7:$C$182,INDEX('FNR tidsserier'!$D$7:$R$182,,MATCH(E$57,'FNR tidsserier'!$D$7:$R$7,0)),"ikke funnet")} -> - | F81: {=_xlfn.XLOOKUP($B$58&$B81,'FNR tidsserier'!$B$7:$B$182&'FNR tidsserier'!$C$7:$C$182,INDEX('FNR tidsserier'!$D$7:$R$182,,MATCH(F$57,'FNR tidsserier'!$D$7:$R$7,0)),"ikke funnet")} -> - | G81: {=_xlfn.XLOOKUP($B$58&$B81,'FNR tidsserier'!$B$7:$B$182&'FNR tidsserier'!$C$7:$C$182,INDEX('FNR tidsserier'!$D$7:$R$182,,MATCH(G$57,'FNR tidsserier'!$D$7:$R$7,0)),"ikke funnet")} -> -
B82: Fastlands-Norge | C82: {=_xlfn.XLOOKUP($B$58&$B82,'FNR tidsserier'!$B$7:$B$182&'FNR tidsserier'!$C$7:$C$182,INDEX('FNR tidsserier'!$D$7:$R$182,,MATCH(C$57,'FNR tidsserier'!$D$7:$R$7,0)),"ikke funnet")} -> 0 | D82: {=_xlfn.XLOOKUP($B$58&$B82,'FNR tidsserier'!$B$7:$B$182&'FNR tidsserier'!$C$7:$C$182,INDEX('FNR tidsserier'!$D$7:$R$182,,MATCH(D$57,'FNR tidsserier'!$D$7:$R$7,0)),"ikke funnet")} -> 0 | E82: {=_xlfn.XLOOKUP($B$58&$B82,'FNR tidsserier'!$B$7:$B$182&'FNR tidsserier'!$C$7:$C$182,INDEX('FNR tidsserier'!$D$7:$R$182,,MATCH(E$57,'FNR tidsserier'!$D$7:$R$7,0)),"ikke funnet")} -> - | F82: {=_xlfn.XLOOKUP($B$58&$B82,'FNR tidsserier'!$B$7:$B$182&'FNR tidsserier'!$C$7:$C$182,INDEX('FNR tidsserier'!$D$7:$R$182,,MATCH(F$57,'FNR tidsserier'!$D$7:$R$7,0)),"ikke funnet")} -> - | G82: {=_xlfn.XLOOKUP($B$58&$B82,'FNR tidsserier'!$B$7:$B$182&'FNR tidsserier'!$C$7:$C$182,INDEX('FNR tidsserier'!$D$7:$R$182,,MATCH(G$57,'FNR tidsserier'!$D$7:$R$7,0)),"ikke funnet")} -> -
B83: Transport utenom utenriks sjøfart | C83: {=_xlfn.XLOOKUP($B$58&$B83,'FNR tidsserier'!$B$7:$B$182&'FNR tidsserier'!$C$7:$C$182,INDEX('FNR tidsserier'!$D$7:$R$182,,MATCH(C$57,'FNR tidsserier'!$D$7:$R$7,0)),"ikke funnet")} -> 0 | D83: {=_xlfn.XLOOKUP($B$58&$B83,'FNR tidsserier'!$B$7:$B$182&'FNR tidsserier'!$C$7:$C$182,INDEX('FNR tidsserier'!$D$7:$R$182,,MATCH(D$57,'FNR tidsserier'!$D$7:$R$7,0)),"ikke funnet")} -> 0 | E83: {=_xlfn.XLOOKUP($B$58&$B83,'FNR tidsserier'!$B$7:$B$182&'FNR tidsserier'!$C$7:$C$182,INDEX('FNR tidsserier'!$D$7:$R$182,,MATCH(E$57,'FNR tidsserier'!$D$7:$R$7,0)),"ikke funnet")} -> 0 | F83: {=_xlfn.XLOOKUP($B$58&$B83,'FNR tidsserier'!$B$7:$B$182&'FNR tidsserier'!$C$7:$C$182,INDEX('FNR tidsserier'!$D$7:$R$182,,MATCH(F$57,'FNR tidsserier'!$D$7:$R$7,0)),"ikke funnet")} -> 0 | G83: {=_xlfn.XLOOKUP($B$58&$B83,'FNR tidsserier'!$B$7:$B$182&'FNR tidsserier'!$C$7:$C$182,INDEX('FNR tidsserier'!$D$7:$R$182,,MATCH(G$57,'FNR tidsserier'!$D$7:$R$7,0)),"ikke funnet")} -> 0
B85: Totalt for næringer | C85: {=_xlfn.XLOOKUP($B$58&$B85,'FNR tidsserier'!$B$7:$B$182&'FNR tidsserier'!$C$7:$C$182,INDEX('FNR tidsserier'!$D$7:$R$182,,MATCH(C$57,'FNR tidsserier'!$D$7:$R$7,0)),"ikke funnet")} -> 70772 | D85: {=_xlfn.XLOOKUP($B$58&$B85,'FNR tidsserier'!$B$7:$B$182&'FNR tidsserier'!$C$7:$C$182,INDEX('FNR tidsserier'!$D$7:$R$182,,MATCH(D$57,'FNR tidsserier'!$D$7:$R$7,0)),"ikke funnet")} -> 72842 | E85: {=_xlfn.XLOOKUP($B$58&$B85,'FNR tidsserier'!$B$7:$B$182&'FNR tidsserier'!$C$7:$C$182,INDEX('FNR tidsserier'!$D$7:$R$182,,MATCH(E$57,'FNR tidsserier'!$D$7:$R$7,0)),"ikke funnet")} -> 71586.022 | F85: {=_xlfn.XLOOKUP($B$58&$B85,'FNR tidsserier'!$B$7:$B$182&'FNR tidsserier'!$C$7:$C$182,INDEX('FNR tidsserier'!$D$7:$R$182,,MATCH(F$57,'FNR tidsserier'!$D$7:$R$7,0)),"ikke funnet")} -> 80769.663 | G85: {=_xlfn.XLOOKUP($B$58&$B85,'FNR tidsserier'!$B$7:$B$182&'FNR tidsserier'!$C$7:$C$182,INDEX('FNR tidsserier'!$D$7:$R$182,,MATCH(G$57,'FNR tidsserier'!$D$7:$R$7,0)),"ikke funnet")} -> 89798.138
D86: Sum av næringene inkludert: | E86: =SUM(E59:E83) -> 62936.084 | F86: =SUM(F59:F83) -> 68399.951 | G86: =SUM(G59:G83) -> 73705.394
H91: Berikelse med vekst-estimat for næringer med stor grad av offentlig sektor
H92: Helse, undervisning og offentlig administrasjon er verdiskapningsvekst i offentlig sektor på nasjonalt nivå en bedre proxy enn Brønnøysund data, som for eksempel ikke inkludere kommunale virksomheter
B93: Estimert vekst (BRREG og SSB sysselsetting)
C94: BRREG (og nasjonalregnskapet for offentlig sektor) som proxy | D94: Sysselsatte som proxy | I94: Løpende priser (mill. kr)
C95: 2023 | D95: 2024* | I95: 2022 | J95: 2023 | K95: 2024
B96: Bergverksdrift | C96: 2.0194232 | D96: =_xlfn.XLOOKUP($B96,$B$122:$B$146,$D$122:$D$146)/_xlfn.XLOOKUP($B96,$B$122:$B$146,$C$122:$C$146) -> 1.1532567 | E96: Sjekket økning 22/23 - Optime Subsea endret lokasjon i ENHREG fra Kongsberg til Notodden | H96: ¬ Offentlig forvaltning (bruttoprodukt) | I96: 784545 | J96: 841000 | K96: 896942
B97: Boligtjenester, egen bolig | C97: 0.98929038 | D97: =_xlfn.XLOOKUP($B97,$B$122:$B$146,$D$122:$D$146)/_xlfn.XLOOKUP($B97,$B$122:$B$146,$C$122:$C$146) -> 0.96421053
B98: Bygge- og anleggsvirksomhet | C98: 0.95750719 | D98: =_xlfn.XLOOKUP($B98,$B$122:$B$146,$D$122:$D$146)/_xlfn.XLOOKUP($B98,$B$122:$B$146,$C$122:$C$146) -> 0.97948858 | H98: ¬ Offentlig forvaltning (bruttoprodukt) | J98: =J96/I96 -> 1.0719589 | K98: =K96/J96 -> 1.0665184
B99: Elektrisitets-, gass- og varmtvannsforsyning | C99: 0.70732038 | D99: =_xlfn.XLOOKUP($B99,$B$122:$B$146,$D$122:$D$146)/_xlfn.XLOOKUP($B99,$B$122:$B$146,$C$122:$C$146) -> 1.0291845
B100: Faglig, vitenskapelig og teknisk tjenesteyting | C100: 0.81512982 | D100: =_xlfn.XLOOKUP($B100,$B$122:$B$146,$D$122:$D$146)/_xlfn.XLOOKUP($B100,$B$122:$B$146,$C$122:$C$146) -> 1.0505529
B101: Finansierings- og forsikringsvirksomhet | C101: 1.1877969 | D101: =_xlfn.XLOOKUP($B101,$B$122:$B$146,$D$122:$D$146)/_xlfn.XLOOKUP($B101,$B$122:$B$146,$C$122:$C$146) -> 1.1737705
B102: Fiske, fangst og akvakultur | C102: 1.6661535 | D102: =_xlfn.XLOOKUP($B102,$B$122:$B$146,$D$122:$D$146)/_xlfn.XLOOKUP($B102,$B$122:$B$146,$C$122:$C$146) -> 1.220339
B103: Forretningsmessig tjenesteyting | C103: 0.94174526 | D103: =_xlfn.XLOOKUP($B103,$B$122:$B$146,$D$122:$D$146)/_xlfn.XLOOKUP($B103,$B$122:$B$146,$C$122:$C$146) -> 1.016804
B104: Helse- og omsorgstjenester | C104: =$J$98 -> 1.0719589 | D104: =_xlfn.XLOOKUP($B104,$B$122:$B$146,$D$122:$D$146)/_xlfn.XLOOKUP($B104,$B$122:$B$146,$C$122:$C$146) -> 1.0179886 | E104: Vekst 22/23 - fra Nasjonalregnskapet (offentlig forvaltning)
B105: Industri | C105: 0.95510241 | D105: =_xlfn.XLOOKUP($B105,$B$122:$B$146,$D$122:$D$146)/_xlfn.XLOOKUP($B105,$B$122:$B$146,$C$122:$C$146) -> 1.0220333
B106: Informasjon og kommunikasjon | C106: 1.1116489 | D106: =_xlfn.XLOOKUP($B106,$B$122:$B$146,$D$122:$D$146)/_xlfn.XLOOKUP($B106,$B$122:$B$146,$C$122:$C$146) -> 1.0677349
B107: Jordbruk og skogbruk | C107: 1.1416234 | D107: =_xlfn.XLOOKUP($B107,$B$122:$B$146,$D$122:$D$146)/_xlfn.XLOOKUP($B107,$B$122:$B$146,$C$122:$C$146) -> 0.9907932
B108: Kultur, underholdning og annen tjenesteyting | C108: 1.0993197 | D108: =_xlfn.XLOOKUP($B108,$B$122:$B$146,$D$122:$D$146)/_xlfn.XLOOKUP($B108,$B$122:$B$146,$C$122:$C$146) -> 0.9976011
B109: Offentlig administrasjon og forsvar | C109: =$J$98 -> 1.0719589 | D109: =_xlfn.XLOOKUP($B109,$B$122:$B$146,$D$122:$D$146)/_xlfn.XLOOKUP($B109,$B$122:$B$146,$C$122:$C$146) -> 1.0060088 | E109: Vekst 22/23 - fra Nasjonalregnskapet (offentlig forvaltning)
B110: Omsetning og drift av fast eiendom | C110: 0.89889838 | D110: =_xlfn.XLOOKUP($B110,$B$122:$B$146,$D$122:$D$146)/_xlfn.XLOOKUP($B110,$B$122:$B$146,$C$122:$C$146) -> 1.0097561
B111: Overnattings- og serveringsvirksomhet | C111: 1.1088525 | D111: =_xlfn.XLOOKUP($B111,$B$122:$B$146,$D$122:$D$146)/_xlfn.XLOOKUP($B111,$B$122:$B$146,$C$122:$C$146) -> 0.98550725
B112: Post og distribusjonsvirksomhet | C112: 1.1160634 | D112: =_xlfn.XLOOKUP($B112,$B$122:$B$146,$D$122:$D$146)/_xlfn.XLOOKUP($B112,$B$122:$B$146,$C$122:$C$146) -> 0.7195122
B113: Transport utenom utenriks sjøfart | C113: 1.0809964 | D113: =_xlfn.XLOOKUP($B113,$B$122:$B$146,$D$122:$D$146)/_xlfn.XLOOKUP($B113,$B$122:$B$146,$C$122:$C$146) -> 1.1105121
B114: Undervisning | C114: =$J$98 -> 1.0719589 | D114: =_xlfn.XLOOKUP($B114,$B$122:$B$146,$D$122:$D$146)/_xlfn.XLOOKUP($B114,$B$122:$B$146,$C$122:$C$146) -> 0.99661117 | E114: Vekst 22/23 - fra Nasjonalregnskapet (offentlig forvaltning)
B115: Utenriks sjøfart | C115: 1.3726177 | D115: =_xlfn.XLOOKUP($B115,$B$122:$B$146,$D$122:$D$146)/_xlfn.XLOOKUP($B115,$B$122:$B$146,$C$122:$C$146) -> 0.98545455
B116: Vannforsyning, avløp og renovasjon | C116: 0.98497773 | D116: =_xlfn.XLOOKUP($B116,$B$122:$B$146,$D$122:$D$146)/_xlfn.XLOOKUP($B116,$B$122:$B$146,$C$122:$C$146) -> 0.96636086
B117: Varehandel og reparasjon av motorvogner | C117: 1.0190104 | D117: =_xlfn.XLOOKUP($B117,$B$122:$B$146,$D$122:$D$146)/_xlfn.XLOOKUP($B117,$B$122:$B$146,$C$122:$C$146) -> 0.98879283
B120: Sysselsetting
B121: Fremskriving 2024 | C121: 2023 | D121: 2024
...

Sheet FNR tidsserier
C2: Databehandling - Fylkesbasert Nasjonalregnskap
C3: Beregning av estimater før- og etter fylkessammenslåing, og produktivitet | AH3: MNOK
AH4: 1000000
C5: Gule celler - estimerte verdier før og etter fylkessammenslåing
C6: Bruttoprodukt | S6: Sysselsatte | AH6: Produktivitet
D7: 2008 | E7: 2009 | F7: 2010 | G7: 2011 | H7: 2012 | I7: 2013 | J7: 2014 | K7: 2015 | L7: 2016 | M7: 2017 | N7: 2018 | O7: 2019 | P7: 2020 | Q7: 2021 | R7: 2022 | S7: 2008 | T7: 2009 | U7: 2010 | V7: 2011 | W7: 2012 | X7: 2013 | Y7: 2014 | Z7: 2015 | AA7: 2016 | AB7: 2017 | AC7: 2018 | AD7: 2019 | AE7: 2020 | AF7: 2021 | AG7: 2022 | AH7: 2008 | AI7: 2009 | AJ7: 2010 | AK7: 2011 | AL7: 2012 | AM7: 2013 | AN7: 2014 | AO7: 2015 | AP7: 2016 | AQ7: 2017 | AR7: 2018 | AS7: 2019 | AT7: 2020 | AU7: 2021 | AV7: 2022
B8: =C8 -> 08 Telemark (-2019) | C8: 08 Telemark (-2019)
B9: =C8 -> 08 Telemark (-2019) | C9: Utvinning av råolje og naturgass, inkl. tjenester | D9: =_xlfn.XLOOKUP($C9,$C$269:$C$295,D$269:D$295,"-") -> 60 | E9: =_xlfn.XLOOKUP($C9,$C$269:$C$295,E$269:E$295,"-") -> 41 | F9: =_xlfn.XLOOKUP($C9,$C$269:$C$295,F$269:F$295,"-") -> 65 | G9: =_xlfn.XLOOKUP($C9,$C$269:$C$295,G$269:G$295,"-") -> 101 | H9: =_xlfn.XLOOKUP($C9,$C$269:$C$295,H$269:H$295,"-") -> 272 | I9: =_xlfn.XLOOKUP($C9,$C$269:$C$295,I$269:I$295,"-") -> 95 | J9: =_xlfn.XLOOKUP($C9,$C$269:$C$295,J$269:J$295,"-") -> 103 | K9: =_xlfn.XLOOKUP($C9,$C$269:$C$295,K$269:K$295,"-") -> 66 | ... O9: =_xlfn.XLOOKUP($C9,$C$269:$C$295,O$269:O$295,"-") -> 0 | P9: =IFERROR(O9*(P65/O65),"-") -> - | Q9: =IFERROR(P9*(Q65/P65),"-") -> - | R9: =IFERROR(Q9*(R65/Q65),"-") -> - | S9: =_xlfn.XLOOKUP($C9,$C$269:$C$295,S$269:S$295,"-") -> 84 | T9: =_xlfn.XLOOKUP($C9,$C$269:$C$295,T$269:T$295,"-") -> 62 | U9: =_xlfn.XLOOKUP($C9,$C$269:$C$295,U$269:U$295,"-") -> 88 | V9: =_xlfn.XLOOKUP($C9,$C$269:$C$295,V$269:V$295,"-") -> 73 | W9: =_xlfn.XLOOKUP($C9,$C$269:$C$295,W$269:W$295,"-") -> 80 | X9: =_xlfn.XLOOKUP($C9,$C$269:$C$295,X$269:X$295,"-") -> 67 | Y9: =_xlfn.XLOOKUP($C9,$C$269:$C$295,Y$269:Y$295,"-") -> 67 | Z9: =_xlfn.XLOOKUP($C9,$C$269:$C$295,Z$269:Z$295,"-") -> 65 | ... AD9: =_xlfn.XLOOKUP($C9,$C$269:$C$295,AD$269:AD$295,"-") -> 0 | AE9: =IFERROR(AD9*(AE65/AD65),"-") -> - | AF9: =IFERROR(AE9*(AF65/AE65),"-") -> - | AG9: =IFERROR(AF9*(AG65/AF65),"-") -> - | AH9: =IFERROR(D9*$AH$4/S9,"-") -> 714285.71 | AI9: =IFERROR(E9*$AH$4/T9,"-") -> 661290.32 | AJ9: =IFERROR(F9*$AH$4/U9,"-") -> 738636.36 | AK9: =IFERROR(G9*$AH$4/V9,"-") -> 1383561.6 | AL9: =IFERROR(H9*$AH$4/W9,"-") -> 3400000 | AM9: =IFERROR(I9*$AH$4/X9,"-") -> 1417910.4 | AN9: =IFERROR(J9*$AH$4/Y9,"-") -> 1537313.4 | AO9: =IFERROR(K9*$AH$4/Z9,"-") -> 1015384.6 | ... AV9: =IFERROR(R9*$AH$4/AG9,"-") -> -
B10: =C8 -> 08 Telemark (-2019) | C10: Helse- og omsorgstjenester | D10: =_xlfn.XLOOKUP($C10,$C$269:$C$295,D$269:D$295,"-") -> 7185 | E10: =_xlfn.XLOOKUP($C10,$C$269:$C$295,E$269:E$295,"-") -> 7558 | F10: =_xlfn.XLOOKUP($C10,$C$269:$C$295,F$269:F$295,"-") -> 7888 | G10: =_xlfn.XLOOKUP($C10,$C$269:$C$295,G$269:G$295,"-") -> 8512 | H10: =_xlfn.XLOOKUP($C10,$C$269:$C$295,H$269:H$295,"-") -> 9165 | I10: =_xlfn.XLOOKUP($C10,$C$269:$C$295,I$269:I$295,"-") -> 9493 | J10: =_xlfn.XLOOKUP($C10,$C$269:$C$295,J$269:J$295,"-") -> 10009 | K10: =_xlfn.XLOOKUP($C10,$C$269:$C$295,K$269:K$295,"-") -> 10586 | ... O10: =_xlfn.XLOOKUP($C10,$C$269:$C$295,O$269:O$295,"-") -> 12046 | P10: =IFERROR(O10*(P66/O66),"-") -> 12005.999 | Q10: =IFERROR(P10*(Q66/P66),"-") -> 12733.049 | R10: =IFERROR(Q10*(R66/Q66),"-") -> 13726.479 | S10: =_xlfn.XLOOKUP($C10,$C$269:$C$295,S$269:S$295,"-") -> 6538 | T10: =_xlfn.XLOOKUP($C10,$C$269:$C$295,T$269:T$295,"-") -> 6938 | U10: =_xlfn.XLOOKUP($C10,$C$269:$C$295,U$269:U$295,"-") -> 7063 | V10: =_xlfn.XLOOKUP($C10,$C$269:$C$295,V$269:V$295,"-") -> 7613 | W10: =_xlfn.XLOOKUP($C10,$C$269:$C$295,W$269:W$295,"-") -> 8188 | X10: =_xlfn.XLOOKUP($C10,$C$269:$C$295,X$269:X$295,"-") -> 8492 | Y10: =_xlfn.XLOOKUP($C10,$C$269:$C$295,Y$269:Y$295,"-") -> 8914 | Z10: =_xlfn.XLOOKUP($C10,$C$269:$C$295,Z$269:Z$295,"-") -> 9473 | ... AD10: =_xlfn.XLOOKUP($C10,$C$269:$C$295,AD$269:AD$295,"-") -> 10872 | AE10: =IFERROR(AD10*(AE66/AD66),"-") -> 10854.422 | AF10: =IFERROR(AE10*(AF66/AE66),"-") -> 11413.842 | AG10: =IFERROR(AF10*(AG66/AF66),"-") -> 12344.598 | AH10: =IFERROR(D10*$AH$4/S10,"-") -> 1098959.9 | AI10: =IFERROR(E10*$AH$4/T10,"-") -> 1089362.9 | AJ10: =IFERROR(F10*$AH$4/U10,"-") -> 1116805.9 | AK10: =IFERROR(G10*$AH$4/V10,"-") -> 1118087.5 | AL10: =IFERROR(H10*$AH$4/W10,"-") -> 1119321 | AM10: =IFERROR(I10*$AH$4/X10,"-") -> 1117875.6 | AN10: =IFERROR(J10*$AH$4/Y10,"-") -> 1122840.5 | AO10: =IFERROR(K10*$AH$4/Z10,"-") -> 1117491.8 | ... AV10: =IFERROR(R10*$AH$4/AG10,"-") -> 1111942.2
B11: =C8 -> 08 Telemark (-2019) | C11: Varehandel og reparasjon av motorvogner | D11: =_xlfn.XLOOKUP($C11,$C$269:$C$295,D$269:D$295,"-") -> 4518 | E11: =_xlfn.XLOOKUP($C11,$C$269:$C$295,E$269:E$295,"-") -> 4264 | F11: =_xlfn.XLOOKUP($C11,$C$269:$C$295,F$269:F$295,"-") -> 4360 | G11: =_xlfn.XLOOKUP($C11,$C$269:$C$295,G$269:G$295,"-") -> 4428 | H11: =_xlfn.XLOOKUP($C11,$C$269:$C$295,H$269:H$295,"-") -> 4687 | I11: =_xlfn.XLOOKUP($C11,$C$269:$C$295,I$269:I$295,"-") -> 4575 | J11: =_xlfn.XLOOKUP($C11,$C$269:$C$295,J$269:J$295,"-") -> 4814 | K11: =_xlfn.XLOOKUP($C11,$C$269:$C$295,K$269:K$295,"-") -> 5530 | ... O11: =_xlfn.XLOOKUP($C11,$C$269:$C$295,O$269:O$295,"-") -> 6543 | P11: =IFERROR(O11*(P67/O67),"-") -> 7271.9079 | Q11: =IFERROR(P11*(Q67/P67),"-") -> 8057.2361 | R11: =IFERROR(Q11*(R67/Q67),"-") -> 7846.2734 | S11: =_xlfn.XLOOKUP($C11,$C$269:$C$295,S$269:S$295,"-") -> 3386 | T11: =_xlfn.XLOOKUP($C11,$C$269:$C$295,T$269:T$295,"-") -> 3339 | U11: =_xlfn.XLOOKUP($C11,$C$269:$C$295,U$269:U$295,"-") -> 3414 | V11: =_xlfn.XLOOKUP($C11,$C$269:$C$295,V$269:V$295,"-") -> 3532 | W11: =_xlfn.XLOOKUP($C11,$C$269:$C$295,W$269:W$295,"-") -> 3719 | X11: =_xlfn.XLOOKUP($C11,$C$269:$C$295,X$269:X$295,"-") -> 3925 | Y11: =_xlfn.XLOOKUP($C11,$C$269:$C$295,Y$269:Y$295,"-") -> 3912 | Z11: =_xlfn.XLOOKUP($C11,$C$269:$C$295,Z$269:Z$295,"-") -> 4083 | ... AD11: =_xlfn.XLOOKUP($C11,$C$269:$C$295,AD$269:AD$295,"-") -> 4571 | AE11: =IFERROR(AD11*(AE67/AD67),"-") -> 4604.4911 | AF11: =IFERROR(AE11*(AF67/AE67),"-") -> 5094.254 | AG11: =IFERROR(AF11*(AG67/AF67),"-") -> 5339.1354 | AH11: =IFERROR(D11*$AH$4/S11,"-") -> 1334317.8 | AI11: =IFERROR(E11*$AH$4/T11,"-") -> 1277029.1 | AJ11: =IFERROR(F11*$AH$4/U11,"-") -> 1277094.3 | AK11: =IFERROR(G11*$AH$4/V11,"-") -> 1253680.6 | AL11: =IFERROR(H11*$AH$4/W11,"-") -> 1260285 | AM11: =IFERROR(I11*$AH$4/X11,"-") -> 1165605.1 | AN11: =IFERROR(J11*$AH$4/Y11,"-") -> 1230572.6 | AO11: =IFERROR(K11*$AH$4/Z11,"-") -> 1354396.3 | ... AV11: =IFERROR(R11*$AH$4/AG11,"-") -> 1469577.5
B12: =C8 -> 08 Telemark (-2019) | C12: Industri | D12: =_xlfn.XLOOKUP($C12,$C$269:$C$295,D$269:D$295,"-") -> 9617 | E12: =_xlfn.XLOOKUP($C12,$C$269:$C$295,E$269:E$295,"-") -> 8464 | F12: =_xlfn.XLOOKUP($C12,$C$269:$C$295,F$269:F$295,"-") -> 8786 | G12: =_xlfn.XLOOKUP($C12,$C$269:$C$295,G$269:G$295,"-") -> 8033 | H12: =_xlfn.XLOOKUP($C12,$C$269:$C$295,H$269:H$295,"-") -> 7245 | I12: =_xlfn.XLOOKUP($C12,$C$269:$C$295,I$269:I$295,"-") -> 8608 | J12: =_xlfn.XLOOKUP($C12,$C$269:$C$295,J$269:J$295,"-") -> 8230 | K12: =_xlfn.XLOOKUP($C12,$C$269:$C$295,K$269:K$295,"-") -> 9927 | ... O12: =_xlfn.XLOOKUP($C12,$C$269:$C$295,O$269:O$295,"-") -> 10055 | P12: =IFERROR(O12*(P68/O68),"-") -> 9918.2753 | Q12: =IFERROR(P12*(Q68/P68),"-") -> 10857.706 | R12: =IFERROR(Q12*(R68/Q68),"-") -> 11377.26 | S12: =_xlfn.XLOOKUP($C12,$C$269:$C$295,S$269:S$295,"-") -> 5009 | T12: =_xlfn.XLOOKUP($C12,$C$269:$C$295,T$269:T$295,"-") -> 4870 | U12: =_xlfn.XLOOKUP($C12,$C$269:$C$295,U$269:U$295,"-") -> 4845 | V12: =_xlfn.XLOOKUP($C12,$C$269:$C$295,V$269:V$295,"-") -> 4938 | W12: =_xlfn.XLOOKUP($C12,$C$269:$C$295,W$269:W$295,"-") -> 4917 | X12: =_xlfn.XLOOKUP($C12,$C$269:$C$295,X$269:X$295,"-") -> 5029 | Y12: =_xlfn.XLOOKUP($C12,$C$269:$C$295,Y$269:Y$295,"-") -> 5184 | Z12: =_xlfn.XLOOKUP($C12,$C$269:$C$295,Z$269:Z$295,"-") -> 5138 | ... AD12: =_xlfn.XLOOKUP($C12,$C$269:$C$295,AD$269:AD$295,"-") -> 6599 | AE12: =IFERROR(AD12*(AE68/AD68),"-") -> 6105.5207 | AF12: =IFERROR(AE12*(AF68/AE68),"-") -> 6559.5902 | AG12: =IFERROR(AF12*(AG68/AF68),"-") -> 6983.6739 | AH12: =IFERROR(D12*$AH$4/S12,"-") -> 1919944.1 | AI12: =IFERROR(E12*$AH$4/T12,"-") -> 1737987.7 | AJ12: =IFERROR(F12*$AH$4/U12,"-") -> 1813415.9 | AK12: =IFERROR(G12*$AH$4/V12,"-") -> 1626772 | AL12: =IFERROR(H12*$AH$4/W12,"-") -> 1473459.4 | AM12: =IFERROR(I12*$AH$4/X12,"-") -> 1711672.3 | AN12: =IFERROR(J12*$AH$4/Y12,"-") -> 1587577.2 | AO12: =IFERROR(K12*$AH$4/Z12,"-") -> 1932074.7 | ... AV12: =IFERROR(R12*$AH$4/AG12,"-") -> 1629122.5
B13: =C8 -> 08 Telemark (-2019) | C13: Offentlig administrasjon og forsvar | D13: =_xlfn.XLOOKUP($C13,$C$269:$C$295,D$269:D$295,"-") -> 2638 | E13: =_xlfn.XLOOKUP($C13,$C$269:$C$295,E$269:E$295,"-") -> 3044 | F13: =_xlfn.XLOOKUP($C13,$C$269:$C$295,F$269:F$295,"-") -> 3344 | G13: =_xlfn.XLOOKUP($C13,$C$269:$C$295,G$269:G$295,"-") -> 3417 | H13: =_xlfn.XLOOKUP($C13,$C$269:$C$295,H$269:H$295,"-") -> 3591 | I13: =_xlfn.XLOOKUP($C13,$C$269:$C$295,I$269:I$295,"-") -> 3989 | J13: =_xlfn.XLOOKUP($C13,$C$269:$C$295,J$269:J$295,"-") -> 4392 | K13: =_xlfn.XLOOKUP($C13,$C$269:$C$295,K$269:K$295,"-") -> 4471 | ... O13: =_xlfn.XLOOKUP($C13,$C$269:$C$295,O$269:O$295,"-") -> 4833 | P13: =IFERROR(O13*(P69/O69),"-") -> 5119.9232 | Q13: =IFERROR(P13*(Q69/P69),"-") -> 5381.3067 | R13: =IFERROR(Q13*(R69/Q69),"-") -> 5603.9814 | S13: =_xlfn.XLOOKUP($C13,$C$269:$C$295,S$269:S$295,"-") -> 1990 | T13: =_xlfn.XLOOKUP($C13,$C$269:$C$295,T$269:T$295,"-") -> 2352 | U13: =_xlfn.XLOOKUP($C13,$C$269:$C$295,U$269:U$295,"-") -> 2447 | V13: =_xlfn.XLOOKUP($C13,$C$269:$C$295,V$269:V$295,"-") -> 2480 | W13: =_xlfn.XLOOKUP($C13,$C$269:$C$295,W$269:W$295,"-") -> 2582 | X13: =_xlfn.XLOOKUP($C13,$C$269:$C$295,X$269:X$295,"-") -> 2880 | Y13: =_xlfn.XLOOKUP($C13,$C$269:$C$295,Y$269:Y$295,"-") -> 3149 | Z13: =_xlfn.XLOOKUP($C13,$C$269:$C$295,Z$269:Z$295,"-") -> 3157 | ... AD13: =_xlfn.XLOOKUP($C13,$C$269:$C$295,AD$269:AD$295,"-") -> 3435 | AE13: =IFERROR(AD13*(AE69/AD69),"-") -> 3621.1767 | AF13: =IFERROR(AE13*(AF69/AE69),"-") -> 3754.563 | AG13: =IFERROR(AF13*(AG69/AF69),"-") -> 3851.2782 | AH13: =IFERROR(D13*$AH$4/S13,"-") -> 1325628.1 | AI13: =IFERROR(E13*$AH$4/T13,"-") -> 1294217.7 | AJ13: =IFERROR(F13*$AH$4/U13,"-") -> 1366571.3 | AK13: =IFERROR(G13*$AH$4/V13,"-") -> 1377822.6 | AL13: =IFERROR(H13*$AH$4/W13,"-") -> 1390782.3 | AM13: =IFERROR(I13*$AH$4/X13,"-") -> 1385069.4 | AN13: =IFERROR(J13*$AH$4/Y13,"-") -> 1394728.5 | AO13: =IFERROR(K13*$AH$4/Z13,"-") -> 1416217.9 | ... AV13: =IFERROR(R13*$AH$4/AG13,"-") -> 1455096.5
B14: =C8 -> 08 Telemark (-2019) | C14: Bygge- og anleggsvirksomhet | D14: =_xlfn.XLOOKUP($C14,$C$269:$C$295,D$269:D$295,"-") -> 4183 | E14: =_xlfn.XLOOKUP($C14,$C$269:$C$295,E$269:E$295,"-") -> 3830 | F14: =_xlfn.XLOOKUP($C14,$C$269:$C$295,F$269:F$295,"-") -> 4161 | G14: =_xlfn.XLOOKUP($C14,$C$269:$C$295,G$269:G$295,"-") -> 4115 | H14: =_xlfn.XLOOKUP($C14,$C$269:$C$295,H$269:H$295,"-") -> 4519 | I14: =_xlfn.XLOOKUP($C14,$C$269:$C$295,I$269:I$295,"-") -> 4373 | J14: =_xlfn.XLOOKUP($C14,$C$269:$C$295,J$269:J$295,"-") -> 4451 | K14: =_xlfn.XLOOKUP($C14,$C$269:$C$295,K$269:K$295,"-") -> 4997 | ... O14: =_xlfn.XLOOKUP($C14,$C$269:$C$295,O$269:O$295,"-") -> 6392 | P14: =IFERROR(O14*(P70/O70),"-") -> 6363.4974 | Q14: =IFERROR(P14*(Q70/P70),"-") -> 6756.6771 | R14: =IFERROR(Q14*(R70/Q70),"-") -> 7291.1983 | S14: =_xlfn.XLOOKUP($C14,$C$269:$C$295,S$269:S$295,"-") -> 2646 | T14: =_xlfn.XLOOKUP($C14,$C$269:$C$295,T$269:T$295,"-") -> 2491 | U14: =_xlfn.XLOOKUP($C14,$C$269:$C$295,U$269:U$295,"-") -> 2669 | V14: =_xlfn.XLOOKUP($C14,$C$269:$C$295,V$269:V$295,"-") -> 2861 | W14: =_xlfn.XLOOKUP($C14,$C$269:$C$295,W$269:W$295,"-") -> 3028 | X14: =_xlfn.XLOOKUP($C14,$C$269:$C$295,X$269:X$295,"-") -> 3062 | Y14: =_xlfn.XLOOKUP($C14,$C$269:$C$295,Y$269:Y$295,"-") -> 3054 | Z14: =_xlfn.XLOOKUP($C14,$C$269:$C$295,Z$269:Z$295,"-") -> 3153 | ... AD14: =_xlfn.XLOOKUP($C14,$C$269:$C$295,AD$269:AD$295,"-") -> 4205 | AE14: =IFERROR(AD14*(AE70/AD70),"-") -> 4232.0774 | AF14: =IFERROR(AE14*(AF70/AE70),"-") -> 4463.5697 | AG14: =IFERROR(AF14*(AG70/AF70),"-") -> 4819.0078 | AH14: =IFERROR(D14*$AH$4/S14,"-") -> 1580876.8 | AI14: =IFERROR(E14*$AH$4/T14,"-") -> 1537535.1 | AJ14: =IFERROR(F14*$AH$4/U14,"-") -> 1559010.9 | AK14: =IFERROR(G14*$AH$4/V14,"-") -> 1438308.3 | AL14: =IFERROR(H14*$AH$4/W14,"-") -> 1492404.2 | AM14: =IFERROR(I14*$AH$4/X14,"-") -> 1428151.5 | AN14: =IFERROR(J14*$AH$4/Y14,"-") -> 1457432.9 | AO14: =IFERROR(K14*$AH$4/Z14,"-") -> 1584839.8 | ... AV14: =IFERROR(R14*$AH$4/AG14,"-") -> 1513008.2
B15: =C8 -> 08 Telemark (-2019) | C15: Undervisning | D15: =_xlfn.XLOOKUP($C15,$C$269:$C$295,D$269:D$295,"-") -> 3031 | E15: =_xlfn.XLOOKUP($C15,$C$269:$C$295,E$269:E$295,"-") -> 3201 | F15: =_xlfn.XLOOKUP($C15,$C$269:$C$295,F$269:F$295,"-") -> 3307 | G15: =_xlfn.XLOOKUP($C15,$C$269:$C$295,G$269:G$295,"-") -> 3526 | H15: =_xlfn.XLOOKUP($C15,$C$269:$C$295,H$269:H$295,"-") -> 3779 | I15: =_xlfn.XLOOKUP($C15,$C$269:$C$295,I$269:I$295,"-") -> 3980 | J15: =_xlfn.XLOOKUP($C15,$C$269:$C$295,J$269:J$295,"-") -> 4043 | K15: =_xlfn.XLOOKUP($C15,$C$269:$C$295,K$269:K$295,"-") -> 4251 | ... O15: =_xlfn.XLOOKUP($C15,$C$269:$C$295,O$269:O$295,"-") -> 5175 | P15: =IFERROR(O15*(P71/O71),"-") -> 5044.3672 | Q15: =IFERROR(P15*(Q71/P71),"-") -> 5343.1456 | R15: =IFERROR(Q15*(R71/Q71),"-") -> 5882.8885 | S15: =_xlfn.XLOOKUP($C15,$C$269:$C$295,S$269:S$295,"-") -> 2615 | T15: =_xlfn.XLOOKUP($C15,$C$269:$C$295,T$269:T$295,"-") -> 2771 | U15: =_xlfn.XLOOKUP($C15,$C$269:$C$295,U$269:U$295,"-") -> 2825 | V15: =_xlfn.XLOOKUP($C15,$C$269:$C$295,V$269:V$295,"-") -> 2994 | W15: =_xlfn.XLOOKUP($C15,$C$269:$C$295,W$269:W$295,"-") -> 3134 | X15: =_xlfn.XLOOKUP($C15,$C$269:$C$295,X$269:X$295,"-") -> 3277 | Y15: =_xlfn.XLOOKUP($C15,$C$269:$C$295,Y$269:Y$295,"-") -> 3352 | Z15: =_xlfn.XLOOKUP($C15,$C$269:$C$295,Z$269:Z$295,"-") -> 3541 | ... AD15: =_xlfn.XLOOKUP($C15,$C$269:$C$295,AD$269:AD$295,"-") -> 4181 | AE15: =IFERROR(AD15*(AE71/AD71),"-") -> 4080.435 | AF15: =IFERROR(AE15*(AF71/AE71),"-") -> 4280.7018 | AG15: =IFERROR(AF15*(AG71/AF71),"-") -> 4657.9284 | AH15: =IFERROR(D15*$AH$4/S15,"-") -> 1159082.2 | AI15: =IFERROR(E15*$AH$4/T15,"-") -> 1155178.6 | AJ15: =IFERROR(F15*$AH$4/U15,"-") -> 1170619.5 | AK15: =IFERROR(G15*$AH$4/V15,"-") -> 1177688.7 | AL15: =IFERROR(H15*$AH$4/W15,"-") -> 1205807.3 | AM15: =IFERROR(I15*$AH$4/X15,"-") -> 1214525.5 | AN15: =IFERROR(J15*$AH$4/Y15,"-") -> 1206145.6 | AO15: =IFERROR(K15*$AH$4/Z15,"-") -> 1200508.3 | ... AV15: =IFERROR(R15*$AH$4/AG15,"-") -> 1262983.9
B16: =C8 -> 08 Telemark (-2019) | C16: Faglig, vitenskapelig og teknisk tjenesteyting | D16: =_xlfn.XLOOKUP($C16,$C$269:$C$295,D$269:D$295,"-") -> 1916 | E16: =_xlfn.XLOOKUP($C16,$C$269:$C$295,E$269:E$295,"-") -> 1911 | F16: =_xlfn.XLOOKUP($C16,$C$269:$C$295,F$269:F$295,"-") -> 1774 | G16: =_xlfn.XLOOKUP($C16,$C$269:$C$295,G$269:G$295,"-") -> 1888 | H16: =_xlfn.XLOOKUP($C16,$C$269:$C$295,H$269:H$295,"-") -> 2187 | I16: =_xlfn.XLOOKUP($C16,$C$269:$C$295,I$269:I$295,"-") -> 2117 | J16: =_xlfn.XLOOKUP($C16,$C$269:$C$295,J$269:J$295,"-") -> 2251 | K16: =_xlfn.XLOOKUP($C16,$C$269:$C$295,K$269:K$295,"-") -> 2375 | ... O16: =_xlfn.XLOOKUP($C16,$C$269:$C$295,O$269:O$295,"-") -> 3581 | P16: =IFERROR(O16*(P72/O72),"-") -> 3466.7742 | Q16: =IFERROR(P16*(Q72/P72),"-") -> 4333.4678 | R16: =IFERROR(Q16*(R72/Q72),"-") -> 5056.6013 | S16: =_xlfn.XLOOKUP($C16,$C$269:$C$295,S$269:S$295,"-") -> 1296 | T16: =_xlfn.XLOOKUP($C16,$C$269:$C$295,T$269:T$295,"-") -> 1302 | U16: =_xlfn.XLOOKUP($C16,$C$269:$C$295,U$269:U$295,"-") -> 1332 | V16: =_xlfn.XLOOKUP($C16,$C$269:$C$295,V$269:V$295,"-") -> 1435 | W16: =_xlfn.XLOOKUP($C16,$C$269:$C$295,W$269:W$295,"-") -> 1554 | X16: =_xlfn.XLOOKUP($C16,$C$269:$C$295,X$269:X$295,"-") -> 1458 | Y16: =_xlfn.XLOOKUP($C16,$C$269:$C$295,Y$269:Y$295,"-") -> 1638 | Z16: =_xlfn.XLOOKUP($C16,$C$269:$C$295,Z$269:Z$295,"-") -> 1607 | ... AD16: =_xlfn.XLOOKUP($C16,$C$269:$C$295,AD$269:AD$295,"-") -> 1945 | AE16: =IFERROR(AD16*(AE72/AD72),"-") -> 1940.5107 | AF16: =IFERROR(AE16*(AF72/AE72),"-") -> 2085.2914 | AG16: =IFERROR(AF16*(AG72/AF72),"-") -> 2303.3978 | AH16: =IFERROR(D16*$AH$4/S16,"-") -> 1478395.1 | AI16: =IFERROR(E16*$AH$4/T16,"-") -> 1467741.9 | AJ16: =IFERROR(F16*$AH$4/U16,"-") -> 1331831.8 | AK16: =IFERROR(G16*$AH$4/V16,"-") -> 1315679.4 | AL16: =IFERROR(H16*$AH$4/W16,"-") -> 1407335.9 | AM16: =IFERROR(I16*$AH$4/X16,"-") -> 1451989 | AN16: =IFERROR(J16*$AH$4/Y16,"-") -> 1374236.9 | AO16: =IFERROR(K16*$AH$4/Z16,"-") -> 1477909.1 | ... AV16: =IFERROR(R16*$AH$4/AG16,"-") -> 2195279.3
B17: =C8 -> 08 Telemark (-2019) | C17: Finansierings- og forsikringsvirksomhet | D17: =_xlfn.XLOOKUP($C17,$C$269:$C$295,D$269:D$295,"-") -> 1341 | E17: =_xlfn.XLOOKUP($C17,$C$269:$C$295,E$269:E$295,"-") -> 1542 | F17: =_xlfn.XLOOKUP($C17,$C$269:$C$295,F$269:F$295,"-") -> 1368 | G17: =_xlfn.XLOOKUP($C17,$C$269:$C$295,G$269:G$295,"-") -> 1246 | H17: =_xlfn.XLOOKUP($C17,$C$269:$C$295,H$269:H$295,"-") -> 1542 | I17: =_xlfn.XLOOKUP($C17,$C$269:$C$295,I$269:I$295,"-") -> 1831 | J17: =_xlfn.XLOOKUP($C17,$C$269:$C$295,J$269:J$295,"-") -> 1900 | K17: =_xlfn.XLOOKUP($C17,$C$269:$C$295,K$269:K$295,"-") -> 1790 | ... O17: =_xlfn.XLOOKUP($C17,$C$269:$C$295,O$269:O$295,"-") -> 1736 | P17: =IFERROR(O17*(P73/O73),"-") -> 2005.8722 | Q17: =IFERROR(P17*(Q73/P73),"-") -> 2035.9118 | R17: =IFERROR(Q17*(R73/Q73),"-") -> 2015.0779 | S17: =_xlfn.XLOOKUP($C17,$C$269:$C$295,S$269:S$295,"-") -> 536 | T17: =_xlfn.XLOOKUP($C17,$C$269:$C$295,T$269:T$295,"-") -> 578 | U17: =_xlfn.XLOOKUP($C17,$C$269:$C$295,U$269:U$295,"-") -> 511 | V17: =_xlfn.XLOOKUP($C17,$C$269:$C$295,V$269:V$295,"-") -> 502 | W17: =_xlfn.XLOOKUP($C17,$C$269:$C$295,W$269:W$295,"-") -> 539 | X17: =_xlfn.XLOOKUP($C17,$C$269:$C$295,X$269:X$295,"-") -> 544 | Y17: =_xlfn.XLOOKUP($C17,$C$269:$C$295,Y$269:Y$295,"-") -> 563 | Z17: =_xlfn.XLOOKUP($C17,$C$269:$C$295,Z$269:Z$295,"-") -> 535 | ... AD17: =_xlfn.XLOOKUP($C17,$C$269:$C$295,AD$269:AD$295,"-") -> 510 | AE17: =IFERROR(AD17*(AE73/AD73),"-") -> 513.83099 | AF17: =IFERROR(AE17*(AF73/AE73),"-") -> 539.69014 | AG17: =IFERROR(AF17*(AG73/AF73),"-") -> 556.4507 | AH17: =IFERROR(D17*$AH$4/S17,"-") -> 2501865.7 | AI17: =IFERROR(E17*$AH$4/T17,"-") -> 2667820.1 | AJ17: =IFERROR(F17*$AH$4/U17,"-") -> 2677103.7 | AK17: =IFERROR(G17*$AH$4/V17,"-") -> 2482071.7 | AL17: =IFERROR(H17*$AH$4/W17,"-") -> 2860853.4 | AM17: =IFERROR(I17*$AH$4/X17,"-") -> 3365808.8 | AN17: =IFERROR(J17*$AH$4/Y17,"-") -> 3374778 | AO17: =IFERROR(K17*$AH$4/Z17,"-") -> 3345794.4 | ... AV17: =IFERROR(R17*$AH$4/AG17,"-") -> 3621305.3
B18: =C8 -> 08 Telemark (-2019) | C18: Boligtjenester, egen bolig | D18: =_xlfn.XLOOKUP($C18,$C$269:$C$295,D$269:D$295,"-") -> 3305 | E18: =_xlfn.XLOOKUP($C18,$C$269:$C$295,E$269:E$295,"-") -> 3151 | F18: =_xlfn.XLOOKUP($C18,$C$269:$C$295,F$269:F$295,"-") -> 3392 | G18: =_xlfn.XLOOKUP($C18,$C$269:$C$295,G$269:G$295,"-") -> 3504 | H18: =_xlfn.XLOOKUP($C18,$C$269:$C$295,H$269:H$295,"-") -> 3254 | I18: =_xlfn.XLOOKUP($C18,$C$269:$C$295,I$269:I$295,"-") -> 3197 | J18: =_xlfn.XLOOKUP($C18,$C$269:$C$295,J$269:J$295,"-") -> 3633 | K18: =_xlfn.XLOOKUP($C18,$C$269:$C$295,K$269:K$295,"-") -> 3984 | ... O18: =_xlfn.XLOOKUP($C18,$C$269:$C$295,O$269:O$295,"-") -> 4984 | P18: =IFERROR(O18*(P74/O74),"-") -> 4690.4358 | Q18: =IFERROR(P18*(Q74/P74),"-") -> 5064.862 | R18: =IFERROR(Q18*(R74/Q74),"-") -> 6201.3248 | S18: =_xlfn.XLOOKUP($C18,$C$269:$C$295,S$269:S$295,"-") -> 0 | T18: =_xlfn.XLOOKUP($C18,$C$269:$C$295,T$269:T$295,"-") -> 0 | U18: =_xlfn.XLOOKUP($C18,$C$269:$C$295,U$269:U$295,"-") -> 0 | V18: =_xlfn.XLOOKUP($C18,$C$269:$C$295,V$269:V$295,"-") -> 0 | W18: =_xlfn.XLOOKUP($C18,$C$269:$C$295,W$269:W$295,"-") -> 0 | X18: =_xlfn.XLOOKUP($C18,$C$269:$C$295,X$269:X$295,"-") -> 0 | Y18: =_xlfn.XLOOKUP($C18,$C$269:$C$295,Y$269:Y$295,"-") -> 0 | Z18: =_xlfn.XLOOKUP($C18,$C$269:$C$295,Z$269:Z$295,"-") -> 0 | ... AD18: =_xlfn.XLOOKUP($C18,$C$269:$C$295,AD$269:AD$295,"-") -> 0 | AE18: =IFERROR(AD18*(AE74/AD74),"-") -> - | AF18: =IFERROR(AE18*(AF74/AE74),"-") -> - | AG18: =IFERROR(AF18*(AG74/AF74),"-") -> - | AH18: =IFERROR(D18*$AH$4/S18,"-") -> - | AI18: =IFERROR(E18*$AH$4/T18,"-") -> - | AJ18: =IFERROR(F18*$AH$4/U18,"-") -> - | AK18: =IFERROR(G18*$AH$4/V18,"-") -> - | AL18: =IFERROR(H18*$AH$4/W18,"-") -> - | AM18: =IFERROR(I18*$AH$4/X18,"-") -> - | AN18: =IFERROR(J18*$AH$4/Y18,"-") -> - | AO18: =IFERROR(K18*$AH$4/Z18,"-") -> - | ... AV18: =IFERROR(R18*$AH$4/AG18,"-") -> -
B19: =C8 -> 08 Telemark (-2019) | C19: Informasjon og kommunikasjon | D19: =_xlfn.XLOOKUP($C19,$C$269:$C$295,D$269:D$295,"-") -> 1160 | E19: =_xlfn.XLOOKUP($C19,$C$269:$C$295,E$269:E$295,"-") -> 1078 | F19: =_xlfn.XLOOKUP($C19,$C$269:$C$295,F$269:F$295,"-") -> 1129 | G19: =_xlfn.XLOOKUP($C19,$C$269:$C$295,G$269:G$295,"-") -> 1236 | H19: =_xlfn.XLOOKUP($C19,$C$269:$C$295,H$269:H$295,"-") -> 1450 | I19: =_xlfn.XLOOKUP($C19,$C$269:$C$295,I$269:I$295,"-") -> 1580 | J19: =_xlfn.XLOOKUP($C19,$C$269:$C$295,J$269:J$295,"-") -> 1410 | K19: =_xlfn.XLOOKUP($C19,$C$269:$C$295,K$269:K$295,"-") -> 1458 | ... O19: =_xlfn.XLOOKUP($C19,$C$269:$C$295,O$269:O$295,"-") -> 1489 | P19: =IFERROR(O19*(P75/O75),"-") -> 0 | Q19: =IFERROR(P19*(Q75/P75),"-") -> - | R19: =IFERROR(Q19*(R75/Q75),"-") -> - | S19: =_xlfn.XLOOKUP($C19,$C$269:$C$295,S$269:S$295,"-") -> 781 | T19: =_xlfn.XLOOKUP($C19,$C$269:$C$295,T$269:T$295,"-") -> 740 | U19: =_xlfn.XLOOKUP($C19,$C$269:$C$295,U$269:U$295,"-") -> 750 | V19: =_xlfn.XLOOKUP($C19,$C$269:$C$295,V$269:V$295,"-") -> 720 | W19: =_xlfn.XLOOKUP($C19,$C$269:$C$295,W$269:W$295,"-") -> 788 | X19: =_xlfn.XLOOKUP($C19,$C$269:$C$295,X$269:X$295,"-") -> 870 | Y19: =_xlfn.XLOOKUP($C19,$C$269:$C$295,Y$269:Y$295,"-") -> 838 | Z19: =_xlfn.XLOOKUP($C19,$C$269:$C$295,Z$269:Z$295,"-") -> 759 | ... AD19: =_xlfn.XLOOKUP($C19,$C$269:$C$295,AD$269:AD$295,"-") -> 787 | AE19: =IFERROR(AD19*(AE75/AD75),"-") -> 0 | AF19: =IFERROR(AE19*(AF75/AE75),"-") -> - | AG19: =IFERROR(AF19*(AG75/AF75),"-") -> - | AH19: =IFERROR(D19*$AH$4/S19,"-") -> 1485275.3 | AI19: =IFERROR(E19*$AH$4/T19,"-") -> 1456756.8 | AJ19: =IFERROR(F19*$AH$4/U19,"-") -> 1505333.3 | AK19: =IFERROR(G19*$AH$4/V19,"-") -> 1716666.7 | AL19: =IFERROR(H19*$AH$4/W19,"-") -> 1840101.5 | AM19: =IFERROR(I19*$AH$4/X19,"-") -> 1816092 | AN19: =IFERROR(J19*$AH$4/Y19,"-") -> 1682577.6 | AO19: =IFERROR(K19*$AH$4/Z19,"-") -> 1920948.6 | ... AV19: =IFERROR(R19*$AH$4/AG19,"-") -> -
B20: =C8 -> 08 Telemark (-2019) | C20: Forretningsmessig tjenesteyting | D20: =_xlfn.XLOOKUP($C20,$C$269:$C$295,D$269:D$295,"-") -> 1239 | E20: =_xlfn.XLOOKUP($C20,$C$269:$C$295,E$269:E$295,"-") -> 1210 | F20: =_xlfn.XLOOKUP($C20,$C$269:$C$295,F$269:F$295,"-") -> 1145 | G20: =_xlfn.XLOOKUP($C20,$C$269:$C$295,G$269:G$295,"-") -> 1208 | H20: =_xlfn.XLOOKUP($C20,$C$269:$C$295,H$269:H$295,"-") -> 1256 | I20: =_xlfn.XLOOKUP($C20,$C$269:$C$295,I$269:I$295,"-") -> 1429 | J20: =_xlfn.XLOOKUP($C20,$C$269:$C$295,J$269:J$295,"-") -> 1443 | K20: =_xlfn.XLOOKUP($C20,$C$269:$C$295,K$269:K$295,"-") -> 1419 | ... O20: =_xlfn.XLOOKUP($C20,$C$269:$C$295,O$269:O$295,"-") -> 1841 | P20: =IFERROR(O20*(P76/O76),"-") -> 1686.5911 | Q20: =IFERROR(P20*(Q76/P76),"-") -> 1746.8951 | R20: =IFERROR(Q20*(R76/Q76),"-") -> 1927.807 | S20: =_xlfn.XLOOKUP($C20,$C$269:$C$295,S$269:S$295,"-") -> 1087 | T20: =_xlfn.XLOOKUP($C20,$C$269:$C$295,T$269:T$295,"-") -> 1052 | U20: =_xlfn.XLOOKUP($C20,$C$269:$C$295,U$269:U$295,"-") -> 1115 | V20: =_xlfn.XLOOKUP($C20,$C$269:$C$295,V$269:V$295,"-") -> 1112 | W20: =_xlfn.XLOOKUP($C20,$C$269:$C$295,W$269:W$295,"-") -> 1128 | X20: =_xlfn.XLOOKUP($C20,$C$269:$C$295,X$269:X$295,"-") -> 1135 | Y20: =_xlfn.XLOOKUP($C20,$C$269:$C$295,Y$269:Y$295,"-") -> 1107 | Z20: =_xlfn.XLOOKUP($C20,$C$269:$C$295,Z$269:Z$295,"-") -> 1048 | ... AD20: =_xlfn.XLOOKUP($C20,$C$269:$C$295,AD$269:AD$295,"-") -> 1553 | AE20: =IFERROR(AD20*(AE76/AD76),"-") -> 1383.2649 | AF20: =IFERROR(AE20*(AF76/AE76),"-") -> 1484.0451 | AG20: =IFERROR(AF20*(AG76/AF76),"-") -> 1650.7492 | AH20: =IFERROR(D20*$AH$4/S20,"-") -> 1139834.4 | AI20: =IFERROR(E20*$AH$4/T20,"-") -> 1150190.1 | AJ20: =IFERROR(F20*$AH$4/U20,"-") -> 1026905.8 | AK20: =IFERROR(G20*$AH$4/V20,"-") -> 1086330.9 | AL20: =IFERROR(H20*$AH$4/W20,"-") -> 1113475.2 | AM20: =IFERROR(I20*$AH$4/X20,"-") -> 1259030.8 | AN20: =IFERROR(J20*$AH$4/Y20,"-") -> 1303523 | AO20: =IFERROR(K20*$AH$4/Z20,"-") -> 1354007.6 | ... AV20: =IFERROR(R20*$AH$4/AG20,"-") -> 1167837.6
B21: =C8 -> 08 Telemark (-2019) | C21: Transport utenom utenriks sjøfart | D21: =_xlfn.XLOOKUP($C21,$C$269:$C$295,D$269:D$295,"-") -> 1381 | E21: =_xlfn.XLOOKUP($C21,$C$269:$C$295,E$269:E$295,"-") -> 1258 | F21: =_xlfn.XLOOKUP($C21,$C$269:$C$295,F$269:F$295,"-") -> 1315 | G21: =_xlfn.XLOOKUP($C21,$C$269:$C$295,G$269:G$295,"-") -> 1448 | H21: =_xlfn.XLOOKUP($C21,$C$269:$C$295,H$269:H$295,"-") -> 1471 | I21: =_xlfn.XLOOKUP($C21,$C$269:$C$295,I$269:I$295,"-") -> 1411 | J21: =_xlfn.XLOOKUP($C21,$C$269:$C$295,J$269:J$295,"-") -> 1509 | K21: =_xlfn.XLOOKUP($C21,$C$269:$C$295,K$269:K$295,"-") -> 1485 | ... O21: =_xlfn.XLOOKUP($C21,$C$269:$C$295,O$269:O$295,"-") -> 0 | P21: =IFERROR(O21*(P77/O77),"-") -> 0 | Q21: =IFERROR(P21*(Q77/P77),"-") -> 0 | R21: =IFERROR(Q21*(R77/Q77),"-") -> 0 | S21: =_xlfn.XLOOKUP($C21,$C$269:$C$295,S$269:S$295,"-") -> 1100 | T21: =_xlfn.XLOOKUP($C21,$C$269:$C$295,T$269:T$295,"-") -> 1026 | U21: =_xlfn.XLOOKUP($C21,$C$269:$C$295,U$269:U$295,"-") -> 1067 | V21: =_xlfn.XLOOKUP($C21,$C$269:$C$295,V$269:V$295,"-") -> 1085 | W21: =_xlfn.XLOOKUP($C21,$C$269:$C$295,W$269:W$295,"-") -> 1106 | X21: =_xlfn.XLOOKUP($C21,$C$269:$C$295,X$269:X$295,"-") -> 1160 | Y21: =_xlfn.XLOOKUP($C21,$C$269:$C$295,Y$269:Y$295,"-") -> 1223 | Z21: =_xlfn.XLOOKUP($C21,$C$269:$C$295,Z$269:Z$295,"-") -> 1052 | ... AD21: =_xlfn.XLOOKUP($C21,$C$269:$C$295,AD$269:AD$295,"-") -> 0 | AE21: =IFERROR(AD21*(AE77/AD77),"-") -> 0 | AF21: =IFERROR(AE21*(AF77/AE77),"-") -> 0 | AG21: =IFERROR(AF21*(AG77/AF77),"-") -> 0 | AH21: =IFERROR(D21*$AH$4/S21,"-") -> 1255454.5 | AI21: =IFERROR(E21*$AH$4/T21,"-") -> 1226120.9 | AJ21: =IFERROR(F21*$AH$4/U21,"-") -> 1232427.4 | AK21: =IFERROR(G21*$AH$4/V21,"-") -> 1334562.2 | AL21: =IFERROR(H21*$AH$4/W21,"-") -> 1330018.1 | AM21: =IFERROR(I21*$AH$4/X21,"-") -> 1216379.3 | AN21: =IFERROR(J21*$AH$4/Y21,"-") -> 1233851.2 | AO21: =IFERROR(K21*$AH$4/Z21,"-") -> 1411597 | ... AV21: =IFERROR(R21*$AH$4/AG21,"-") -> -
B22: =C8 -> 08 Telemark (-2019) | C22: Omsetning og drift av fast eiendom | D22: =_xlfn.XLOOKUP($C22,$C$269:$C$295,D$269:D$295,"-") -> 734 | E22: =_xlfn.XLOOKUP($C22,$C$269:$C$295,E$269:E$295,"-") -> 868 | F22: =_xlfn.XLOOKUP($C22,$C$269:$C$295,F$269:F$295,"-") -> 859 | G22: =_xlfn.XLOOKUP($C22,$C$269:$C$295,G$269:G$295,"-") -> 874 | H22: =_xlfn.XLOOKUP($C22,$C$269:$C$295,H$269:H$295,"-") -> 1019 | I22: =_xlfn.XLOOKUP($C22,$C$269:$C$295,I$269:I$295,"-") -> 923 | J22: =_xlfn.XLOOKUP($C22,$C$269:$C$295,J$269:J$295,"-") -> 1015 | K22: =_xlfn.XLOOKUP($C22,$C$269:$C$295,K$269:K$295,"-") -> 1131 | ... O22: =_xlfn.XLOOKUP($C22,$C$269:$C$295,O$269:O$295,"-") -> 1375 | P22: =IFERROR(O22*(P78/O78),"-") -> 1320 | Q22: =IFERROR(P22*(Q78/P78),"-") -> 1401.9677 | R22: =IFERROR(Q22*(R78/Q78),"-") -> 1521.5484 | S22: =_xlfn.XLOOKUP($C22,$C$269:$C$295,S$269:S$295,"-") -> 303 | T22: =_xlfn.XLOOKUP($C22,$C$269:$C$295,T$269:T$295,"-") -> 292 | U22: =_xlfn.XLOOKUP($C22,$C$269:$C$295,U$269:U$295,"-") -> 253 | V22: =_xlfn.XLOOKUP($C22,$C$269:$C$295,V$269:V$295,"-") -> 243 | W22: =_xlfn.XLOOKUP($C22,$C$269:$C$295,W$269:W$295,"-") -> 289 | X22: =_xlfn.XLOOKUP($C22,$C$269:$C$295,X$269:X$295,"-") -> 321 | Y22: =_xlfn.XLOOKUP($C22,$C$269:$C$295,Y$269:Y$295,"-") -> 310 | Z22: =_xlfn.XLOOKUP($C22,$C$269:$C$295,Z$269:Z$295,"-") -> 330 | ... AD22: =_xlfn.XLOOKUP($C22,$C$269:$C$295,AD$269:AD$295,"-") -> 468 | AE22: =IFERROR(AD22*(AE78/AD78),"-") -> 487.37338 | AF22: =IFERROR(AE22*(AF78/AE78),"-") -> 513.96429 | AG22: =IFERROR(AF22*(AG78/AF78),"-") -> 561.06818 | AH22: =IFERROR(D22*$AH$4/S22,"-") -> 2422442.2 | AI22: =IFERROR(E22*$AH$4/T22,"-") -> 2972602.7 | AJ22: =IFERROR(F22*$AH$4/U22,"-") -> 3395256.9 | AK22: =IFERROR(G22*$AH$4/V22,"-") -> 3596707.8 | AL22: =IFERROR(H22*$AH$4/W22,"-") -> 3525951.6 | AM22: =IFERROR(I22*$AH$4/X22,"-") -> 2875389.4 | AN22: =IFERROR(J22*$AH$4/Y22,"-") -> 3274193.5 | AO22: =IFERROR(K22*$AH$4/Z22,"-") -> 3427272.7 | ... AV22: =IFERROR(R22*$AH$4/AG22,"-") -> 2711877.9
B23: =C8 -> 08 Telemark (-2019) | C23: Elektrisitets-, gass- og varmtvannsforsyning | D23: =_xlfn.XLOOKUP($C23,$C$269:$C$295,D$269:D$295,"-") -> 5370 | E23: =_xlfn.XLOOKUP($C23,$C$269:$C$295,E$269:E$295,"-") -> 4013 | F23: =_xlfn.XLOOKUP($C23,$C$269:$C$295,F$269:F$295,"-") -> 4905 | G23: =_xlfn.XLOOKUP($C23,$C$269:$C$295,G$269:G$295,"-") -> 4535 | H23: =_xlfn.XLOOKUP($C23,$C$269:$C$295,H$269:H$295,"-") -> 4236 | I23: =_xlfn.XLOOKUP($C23,$C$269:$C$295,I$269:I$295,"-") -> 4433 | J23: =_xlfn.XLOOKUP($C23,$C$269:$C$295,J$269:J$295,"-") -> 4583 | K23: =_xlfn.XLOOKUP($C23,$C$269:$C$295,K$269:K$295,"-") -> 4641 | ... O23: =_xlfn.XLOOKUP($C23,$C$269:$C$295,O$269:O$295,"-") -> 6298 | P23: =IFERROR(O23*(P79/O79),"-") -> 0 | Q23: =IFERROR(P23*(Q79/P79),"-") -> - | R23: =IFERROR(Q23*(R79/Q79),"-") -> - | S23: =_xlfn.XLOOKUP($C23,$C$269:$C$295,S$269:S$295,"-") -> 664 | T23: =_xlfn.XLOOKUP($C23,$C$269:$C$295,T$269:T$295,"-") -> 613 | U23: =_xlfn.XLOOKUP($C23,$C$269:$C$295,U$269:U$295,"-") -> 535 | V23: =_xlfn.XLOOKUP($C23,$C$269:$C$295,V$269:V$295,"-") -> 613 | W23: =_xlfn.XLOOKUP($C23,$C$269:$C$295,W$269:W$295,"-") -> 808 | X23: =_xlfn.XLOOKUP($C23,$C$269:$C$295,X$269:X$295,"-") -> 831 | Y23: =_xlfn.XLOOKUP($C23,$C$269:$C$295,Y$269:Y$295,"-") -> 1015 | Z23: =_xlfn.XLOOKUP($C23,$C$269:$C$295,Z$269:Z$295,"-") -> 958 | ... AD23: =_xlfn.XLOOKUP($C23,$C$269:$C$295,AD$269:AD$295,"-") -> 1201 | AE23: =IFERROR(AD23*(AE79/AD79),"-") -> 0 | AF23: =IFERROR(AE23*(AF79/AE79),"-") -> - | AG23: =IFERROR(AF23*(AG79/AF79),"-") -> - | AH23: =IFERROR(D23*$AH$4/S23,"-") -> 8087349.4 | AI23: =IFERROR(E23*$AH$4/T23,"-") -> 6546492.7 | AJ23: =IFERROR(F23*$AH$4/U23,"-") -> 9168224.3 | AK23: =IFERROR(G23*$AH$4/V23,"-") -> 7398042.4 | AL23: =IFERROR(H23*$AH$4/W23,"-") -> 5242574.3 | AM23: =IFERROR(I23*$AH$4/X23,"-") -> 5334536.7 | AN23: =IFERROR(J23*$AH$4/Y23,"-") -> 4515270.9 | AO23: =IFERROR(K23*$AH$4/Z23,"-") -> 4844467.6 | ... AV23: =IFERROR(R23*$AH$4/AG23,"-") -> -
B24: =C8 -> 08 Telemark (-2019) | C24: Kultur, underholdning og annen tjenesteyting | D24: =_xlfn.XLOOKUP($C24,$C$269:$C$295,D$269:D$295,"-") -> 1114 | E24: =_xlfn.XLOOKUP($C24,$C$269:$C$295,E$269:E$295,"-") -> 1092 | F24: =_xlfn.XLOOKUP($C24,$C$269:$C$295,F$269:F$295,"-") -> 1151 | G24: =_xlfn.XLOOKUP($C24,$C$269:$C$295,G$269:G$295,"-") -> 1198 | H24: =_xlfn.XLOOKUP($C24,$C$269:$C$295,H$269:H$295,"-") -> 1249 | I24: =_xlfn.XLOOKUP($C24,$C$269:$C$295,I$269:I$295,"-") -> 1303 | J24: =_xlfn.XLOOKUP($C24,$C$269:$C$295,J$269:J$295,"-") -> 1357 | K24: =_xlfn.XLOOKUP($C24,$C$269:$C$295,K$269:K$295,"-") -> 1403 | ... O24: =_xlfn.XLOOKUP($C24,$C$269:$C$295,O$269:O$295,"-") -> 1600 | P24: =IFERROR(O24*(P80/O80),"-") -> 1437.7542 | Q24: =IFERROR(P24*(Q80/P80),"-") -> 1565.6259 | R24: =IFERROR(Q24*(R80/Q80),"-") -> 1739.788 | S24: =_xlfn.XLOOKUP($C24,$C$269:$C$295,S$269:S$295,"-") -> 636 | T24: =_xlfn.XLOOKUP($C24,$C$269:$C$295,T$269:T$295,"-") -> 654 | U24: =_xlfn.XLOOKUP($C24,$C$269:$C$295,U$269:U$295,"-") -> 690 | V24: =_xlfn.XLOOKUP($C24,$C$269:$C$295,V$269:V$295,"-") -> 735 | W24: =_xlfn.XLOOKUP($C24,$C$269:$C$295,W$269:W$295,"-") -> 740 | X24: =_xlfn.XLOOKUP($C24,$C$269:$C$295,X$269:X$295,"-") -> 827 | Y24: =_xlfn.XLOOKUP($C24,$C$269:$C$295,Y$269:Y$295,"-") -> 849 | Z24: =_xlfn.XLOOKUP($C24,$C$269:$C$295,Z$269:Z$295,"-") -> 853 | ... AD24: =_xlfn.XLOOKUP($C24,$C$269:$C$295,AD$269:AD$295,"-") -> 920 | AE24: =IFERROR(AD24*(AE80/AD80),"-") -> 887.22195 | AF24: =IFERROR(AE24*(AF80/AE80),"-") -> 956.76456 | AG24: =IFERROR(AF24*(AG80/AF80),"-") -> 1074.1454 | AH24: =IFERROR(D24*$AH$4/S24,"-") -> 1751572.3 | AI24: =IFERROR(E24*$AH$4/T24,"-") -> 1669724.8 | AJ24: =IFERROR(F24*$AH$4/U24,"-") -> 1668115.9 | AK24: =IFERROR(G24*$AH$4/V24,"-") -> 1629932 | AL24: =IFERROR(H24*$AH$4/W24,"-") -> 1687837.8 | AM24: =IFERROR(I24*$AH$4/X24,"-") -> 1575574.4 | AN24: =IFERROR(J24*$AH$4/Y24,"-") -> 1598351 | AO24: =IFERROR(K24*$AH$4/Z24,"-") -> 1644783.1 | ... AV24: =IFERROR(R24*$AH$4/AG24,"-") -> 1619695.1
B25: =C8 -> 08 Telemark (-2019) | C25: Overnattings- og serveringsvirksomhet | D25: =_xlfn.XLOOKUP($C25,$C$269:$C$295,D$269:D$295,"-") -> 700 | E25: =_xlfn.XLOOKUP($C25,$C$269:$C$295,E$269:E$295,"-") -> 730 | F25: =_xlfn.XLOOKUP($C25,$C$269:$C$295,F$269:F$295,"-") -> 698 | G25: =_xlfn.XLOOKUP($C25,$C$269:$C$295,G$269:G$295,"-") -> 682 | H25: =_xlfn.XLOOKUP($C25,$C$269:$C$295,H$269:H$295,"-") -> 737 | I25: =_xlfn.XLOOKUP($C25,$C$269:$C$295,I$269:I$295,"-") -> 832 | J25: =_xlfn.XLOOKUP($C25,$C$269:$C$295,J$269:J$295,"-") -> 890 | K25: =_xlfn.XLOOKUP($C25,$C$269:$C$295,K$269:K$295,"-") -> 904 | ... O25: =_xlfn.XLOOKUP($C25,$C$269:$C$295,O$269:O$295,"-") -> 1025 | P25: =IFERROR(O25*(P81/O81),"-") -> 748.99264 | Q25: =IFERROR(P25*(Q81/P81),"-") -> 986.87524 | R25: =IFERROR(Q25*(R81/Q81),"-") -> 1277.9737 | S25: =_xlfn.XLOOKUP($C25,$C$269:$C$295,S$269:S$295,"-") -> 501 | T25: =_xlfn.XLOOKUP($C25,$C$269:$C$295,T$269:T$295,"-") -> 492 | U25: =_xlfn.XLOOKUP($C25,$C$269:$C$295,U$269:U$295,"-") -> 529 | V25: =_xlfn.XLOOKUP($C25,$C$269:$C$295,V$269:V$295,"-") -> 492 | W25: =_xlfn.XLOOKUP($C25,$C$269:$C$295,W$269:W$295,"-") -> 525 | X25: =_xlfn.XLOOKUP($C25,$C$269:$C$295,X$269:X$295,"-") -> 584 | Y25: =_xlfn.XLOOKUP($C25,$C$269:$C$295,Y$269:Y$295,"-") -> 607 | Z25: =_xlfn.XLOOKUP($C25,$C$269:$C$295,Z$269:Z$295,"-") -> 639 | ... AD25: =_xlfn.XLOOKUP($C25,$C$269:$C$295,AD$269:AD$295,"-") -> 788 | AE25: =IFERROR(AD25*(AE81/AD81),"-") -> 706.80474 | AF25: =IFERROR(AE25*(AF81/AE81),"-") -> 784.75219 | AG25: =IFERROR(AF25*(AG81/AF81),"-") -> 968.65945 | AH25: =IFERROR(D25*$AH$4/S25,"-") -> 1397205.6 | AI25: =IFERROR(E25*$AH$4/T25,"-") -> 1483739.8 | AJ25: =IFERROR(F25*$AH$4/U25,"-") -> 1319470.7 | AK25: =IFERROR(G25*$AH$4/V25,"-") -> 1386178.9 | AL25: =IFERROR(H25*$AH$4/W25,"-") -> 1403809.5 | AM25: =IFERROR(I25*$AH$4/X25,"-") -> 1424657.5 | AN25: =IFERROR(J25*$AH$4/Y25,"-") -> 1466227.3 | AO25: =IFERROR(K25*$AH$4/Z25,"-") -> 1414710.5 | ... AV25: =IFERROR(R25*$AH$4/AG25,"-") -> 1319321.9
B26: =C8 -> 08 Telemark (-2019) | C26: Fiske, fangst og akvakultur | D26: =_xlfn.XLOOKUP($C26,$C$269:$C$295,D$269:D$295,"-") -> 0 | E26: =_xlfn.XLOOKUP($C26,$C$269:$C$295,E$269:E$295,"-") -> 0 | F26: =_xlfn.XLOOKUP($C26,$C$269:$C$295,F$269:F$295,"-") -> 0 | G26: =_xlfn.XLOOKUP($C26,$C$269:$C$295,G$269:G$295,"-") -> 0 | H26: =_xlfn.XLOOKUP($C26,$C$269:$C$295,H$269:H$295,"-") -> 0 | I26: =_xlfn.XLOOKUP($C26,$C$269:$C$295,I$269:I$295,"-") -> 0 | J26: =_xlfn.XLOOKUP($C26,$C$269:$C$295,J$269:J$295,"-") -> 0 | K26: =_xlfn.XLOOKUP($C26,$C$269:$C$295,K$269:K$295,"-") -> 0 | ... O26: =_xlfn.XLOOKUP($C26,$C$269:$C$295,O$269:O$295,"-") -> 0 | P26: =IFERROR(O26*(P82/O82),"-") -> - | Q26: =IFERROR(P26*(Q82/P82),"-") -> - | R26: =IFERROR(Q26*(R82/Q82),"-") -> - | S26: =_xlfn.XLOOKUP($C26,$C$269:$C$295,S$269:S$295,"-") -> 0 | T26: =_xlfn.XLOOKUP($C26,$C$269:$C$295,T$269:T$295,"-") -> 0 | U26: =_xlfn.XLOOKUP($C26,$C$269:$C$295,U$269:U$295,"-") -> 0 | V26: =_xlfn.XLOOKUP($C26,$C$269:$C$295,V$269:V$295,"-") -> 0 | W26: =_xlfn.XLOOKUP($C26,$C$269:$C$295,W$269:W$295,"-") -> 0 | X26: =_xlfn.XLOOKUP($C26,$C$269:$C$295,X$269:X$295,"-") -> 0 | Y26: =_xlfn.XLOOKUP($C26,$C$269:$C$295,Y$269:Y$295,"-") -> 0 | Z26: =_xlfn.XLOOKUP($C26,$C$269:$C$295,Z$269:Z$295,"-") -> 0 | ... AD26: =_xlfn.XLOOKUP($C26,$C$269:$C$295,AD$269:AD$295,"-") -> 0 | AE26: =IFERROR(AD26*(AE82/AD82),"-") -> - | AF26: =IFERROR(AE26*(AF82/AE82),"-") -> - | AG26: =IFERROR(AF26*(AG82/AF82),"-") -> - | AH26: =IFERROR(D26*$AH$4/S26,"-") -> - | AI26: =IFERROR(E26*$AH$4/T26,"-") -> - | AJ26: =IFERROR(F26*$AH$4/U26,"-") -> - | AK26: =IFERROR(G26*$AH$4/V26,"-") -> - | AL26: =IFERROR(H26*$AH$4/W26,"-") -> - | AM26: =IFERROR(I26*$AH$4/X26,"-") -> - | AN26: =IFERROR(J26*$AH$4/Y26,"-") -> - | AO26: =IFERROR(K26*$AH$4/Z26,"-") -> - | ... AV26: =IFERROR(R26*$AH$4/AG26,"-") -> -
B27: =C8 -> 08 Telemark (-2019) | C27: Utenriks sjøfart | D27: =_xlfn.XLOOKUP($C27,$C$269:$C$295,D$269:D$295,"-") -> 14 | E27: =_xlfn.XLOOKUP($C27,$C$269:$C$295,E$269:E$295,"-") -> 0 | F27: =_xlfn.XLOOKUP($C27,$C$269:$C$295,F$269:F$295,"-") -> 0 | G27: =_xlfn.XLOOKUP($C27,$C$269:$C$295,G$269:G$295,"-") -> 4 | H27: =_xlfn.XLOOKUP($C27,$C$269:$C$295,H$269:H$295,"-") -> 4 | I27: =_xlfn.XLOOKUP($C27,$C$269:$C$295,I$269:I$295,"-") -> 33 | J27: =_xlfn.XLOOKUP($C27,$C$269:$C$295,J$269:J$295,"-") -> 96 | K27: =_xlfn.XLOOKUP($C27,$C$269:$C$295,K$269:K$295,"-") -> 143 | ... O27: =_xlfn.XLOOKUP($C27,$C$269:$C$295,O$269:O$295,"-") -> 16 | P27: =IFERROR(O27*(P83/O83),"-") -> 5.2197483 | Q27: =IFERROR(P27*(Q83/P83),"-") -> 11.616651 | R27: =IFERROR(Q27*(R83/Q83),"-") -> 18.04453 | S27: =_xlfn.XLOOKUP($C27,$C$269:$C$295,S$269:S$295,"-") -> 29 | T27: =_xlfn.XLOOKUP($C27,$C$269:$C$295,T$269:T$295,"-") -> 0 | U27: =_xlfn.XLOOKUP($C27,$C$269:$C$295,U$269:U$295,"-") -> 0 | V27: =_xlfn.XLOOKUP($C27,$C$269:$C$295,V$269:V$295,"-") -> 7 | W27: =_xlfn.XLOOKUP($C27,$C$269:$C$295,W$269:W$295,"-") -> 8 | X27: =_xlfn.XLOOKUP($C27,$C$269:$C$295,X$269:X$295,"-") -> 10 | Y27: =_xlfn.XLOOKUP($C27,$C$269:$C$295,Y$269:Y$295,"-") -> 10 | Z27: =_xlfn.XLOOKUP($C27,$C$269:$C$295,Z$269:Z$295,"-") -> 15 | ... AD27: =_xlfn.XLOOKUP($C27,$C$269:$C$295,AD$269:AD$295,"-") -> 14 | AE27: =IFERROR(AD27*(AE83/AD83),"-") -> 6.7771883 | AF27: =IFERROR(AE27*(AF83/AE83),"-") -> 9.3952255 | AG27: =IFERROR(AF27*(AG83/AF83),"-") -> 10.045093 | AH27: =IFERROR(D27*$AH$4/S27,"-") -> 482758.62 | AI27: =IFERROR(E27*$AH$4/T27,"-") -> - | AJ27: =IFERROR(F27*$AH$4/U27,"-") -> - | AK27: =IFERROR(G27*$AH$4/V27,"-") -> 571428.57 | AL27: =IFERROR(H27*$AH$4/W27,"-") -> 500000 | AM27: =IFERROR(I27*$AH$4/X27,"-") -> 3300000 | AN27: =IFERROR(J27*$AH$4/Y27,"-") -> 9600000 | AO27: =IFERROR(K27*$AH$4/Z27,"-") -> 9533333.3 | ... AV27: =IFERROR(R27*$AH$4/AG27,"-") -> 1796352.8
B28: =C8 -> 08 Telemark (-2019) | C28: Vannforsyning, avløp og renovasjon | D28: =_xlfn.XLOOKUP($C28,$C$269:$C$295,D$269:D$295,"-") -> 628 | E28: =_xlfn.XLOOKUP($C28,$C$269:$C$295,E$269:E$295,"-") -> 732 | F28: =_xlfn.XLOOKUP($C28,$C$269:$C$295,F$269:F$295,"-") -> 862 | G28: =_xlfn.XLOOKUP($C28,$C$269:$C$295,G$269:G$295,"-") -> 810 | H28: =_xlfn.XLOOKUP($C28,$C$269:$C$295,H$269:H$295,"-") -> 664 | I28: =_xlfn.XLOOKUP($C28,$C$269:$C$295,I$269:I$295,"-") -> 616 | J28: =_xlfn.XLOOKUP($C28,$C$269:$C$295,J$269:J$295,"-") -> 630 | K28: =_xlfn.XLOOKUP($C28,$C$269:$C$295,K$269:K$295,"-") -> 728 | ... O28: =_xlfn.XLOOKUP($C28,$C$269:$C$295,O$269:O$295,"-") -> 929 | P28: =IFERROR(O28*(P84/O84),"-") -> 1118.5735 | Q28: =IFERROR(P28*(Q84/P84),"-") -> 1334.6514 | R28: =IFERROR(Q28*(R84/Q84),"-") -> 1342.7374 | S28: =_xlfn.XLOOKUP($C28,$C$269:$C$295,S$269:S$295,"-") -> 284 | T28: =_xlfn.XLOOKUP($C28,$C$269:$C$295,T$269:T$295,"-") -> 368 | U28: =_xlfn.XLOOKUP($C28,$C$269:$C$295,U$269:U$295,"-") -> 373 | V28: =_xlfn.XLOOKUP($C28,$C$269:$C$295,V$269:V$295,"-") -> 396 | W28: =_xlfn.XLOOKUP($C28,$C$269:$C$295,W$269:W$295,"-") -> 388 | X28: =_xlfn.XLOOKUP($C28,$C$269:$C$295,X$269:X$295,"-") -> 357 | Y28: =_xlfn.XLOOKUP($C28,$C$269:$C$295,Y$269:Y$295,"-") -> 365 | Z28: =_xlfn.XLOOKUP($C28,$C$269:$C$295,Z$269:Z$295,"-") -> 391 | ... AD28: =_xlfn.XLOOKUP($C28,$C$269:$C$295,AD$269:AD$295,"-") -> 476 | AE28: =IFERROR(AD28*(AE84/AD84),"-") -> 513.25599 | AF28: =IFERROR(AE28*(AF84/AE84),"-") -> 540.43094 | AG28: =IFERROR(AF28*(AG84/AF84),"-") -> 598.7256 | AH28: =IFERROR(D28*$AH$4/S28,"-") -> 2211267.6 | AI28: =IFERROR(E28*$AH$4/T28,"-") -> 1989130.4 | AJ28: =IFERROR(F28*$AH$4/U28,"-") -> 2310992 | AK28: =IFERROR(G28*$AH$4/V28,"-") -> 2045454.5 | AL28: =IFERROR(H28*$AH$4/W28,"-") -> 1711340.2 | AM28: =IFERROR(I28*$AH$4/X28,"-") -> 1725490.2 | AN28: =IFERROR(J28*$AH$4/Y28,"-") -> 1726027.4 | AO28: =IFERROR(K28*$AH$4/Z28,"-") -> 1861892.6 | ... AV28: =IFERROR(R28*$AH$4/AG28,"-") -> 2242659.1
B29: =C8 -> 08 Telemark (-2019) | C29: Jordbruk og skogbruk | D29: =_xlfn.XLOOKUP($C29,$C$269:$C$295,D$269:D$295,"-") -> 655 | E29: =_xlfn.XLOOKUP($C29,$C$269:$C$295,E$269:E$295,"-") -> 527 | F29: =_xlfn.XLOOKUP($C29,$C$269:$C$295,F$269:F$295,"-") -> 627 | G29: =_xlfn.XLOOKUP($C29,$C$269:$C$295,G$269:G$295,"-") -> 604 | H29: =_xlfn.XLOOKUP($C29,$C$269:$C$295,H$269:H$295,"-") -> 530 | I29: =_xlfn.XLOOKUP($C29,$C$269:$C$295,I$269:I$295,"-") -> 484 | J29: =_xlfn.XLOOKUP($C29,$C$269:$C$295,J$269:J$295,"-") -> 531 | K29: =_xlfn.XLOOKUP($C29,$C$269:$C$295,K$269:K$295,"-") -> 582 | ... O29: =_xlfn.XLOOKUP($C29,$C$269:$C$295,O$269:O$295,"-") -> 716 | P29: =IFERROR(O29*(P85/O85),"-") -> 731.90072 | Q29: =IFERROR(P29*(Q85/P85),"-") -> 788.95624 | R29: =IFERROR(Q29*(R85/Q85),"-") -> 876.41019 | S29: =_xlfn.XLOOKUP($C29,$C$269:$C$295,S$269:S$295,"-") -> 139 | T29: =_xlfn.XLOOKUP($C29,$C$269:$C$295,T$269:T$295,"-") -> 128 | U29: =_xlfn.XLOOKUP($C29,$C$269:$C$295,U$269:U$295,"-") -> 142 | V29: =_xlfn.XLOOKUP($C29,$C$269:$C$295,V$269:V$295,"-") -> 150 | W29: =_xlfn.XLOOKUP($C29,$C$269:$C$295,W$269:W$295,"-") -> 195 | X29: =_xlfn.XLOOKUP($C29,$C$269:$C$295,X$269:X$295,"-") -> 203 | Y29: =_xlfn.XLOOKUP($C29,$C$269:$C$295,Y$269:Y$295,"-") -> 212 | Z29: =_xlfn.XLOOKUP($C29,$C$269:$C$295,Z$269:Z$295,"-") -> 222 | ... AD29: =_xlfn.XLOOKUP($C29,$C$269:$C$295,AD$269:AD$295,"-") -> 268 | AE29: =IFERROR(AD29*(AE85/AD85),"-") -> 267.53147 | AF29: =IFERROR(AE29*(AF85/AE85),"-") -> 286.74126 | AG29: =IFERROR(AF29*(AG85/AF85),"-") -> 303.60839 | AH29: =IFERROR(D29*$AH$4/S29,"-") -> 4712230.2 | AI29: =IFERROR(E29*$AH$4/T29,"-") -> 4117187.5 | AJ29: =IFERROR(F29*$AH$4/U29,"-") -> 4415493 | AK29: =IFERROR(G29*$AH$4/V29,"-") -> 4026666.7 | AL29: =IFERROR(H29*$AH$4/W29,"-") -> 2717948.7 | AM29: =IFERROR(I29*$AH$4/X29,"-") -> 2384236.5 | AN29: =IFERROR(J29*$AH$4/Y29,"-") -> 2504717 | AO29: =IFERROR(K29*$AH$4/Z29,"-") -> 2621621.6 | ... AV29: =IFERROR(R29*$AH$4/AG29,"-") -> 2886646.8
B30: =C8 -> 08 Telemark (-2019) | C30: Rørtransport | D30: =_xlfn.XLOOKUP($C30,$C$269:$C$295,D$269:D$295,"-") -> 0 | E30: =_xlfn.XLOOKUP($C30,$C$269:$C$295,E$269:E$295,"-") -> 0 | F30: =_xlfn.XLOOKUP($C30,$C$269:$C$295,F$269:F$295,"-") -> 0 | G30: =_xlfn.XLOOKUP($C30,$C$269:$C$295,G$269:G$295,"-") -> 0 | H30: =_xlfn.XLOOKUP($C30,$C$269:$C$295,H$269:H$295,"-") -> 0 | I30: =_xlfn.XLOOKUP($C30,$C$269:$C$295,I$269:I$295,"-") -> 0 | J30: =_xlfn.XLOOKUP($C30,$C$269:$C$295,J$269:J$295,"-") -> 0 | K30: =_xlfn.XLOOKUP($C30,$C$269:$C$295,K$269:K$295,"-") -> 0 | ... O30: =_xlfn.XLOOKUP($C30,$C$269:$C$295,O$269:O$295,"-") -> 0 | P30: =IFERROR(O30*(P86/O86),"-") -> - | Q30: =IFERROR(P30*(Q86/P86),"-") -> - | R30: =IFERROR(Q30*(R86/Q86),"-") -> - | S30: =_xlfn.XLOOKUP($C30,$C$269:$C$295,S$269:S$295,"-") -> 0 | T30: =_xlfn.XLOOKUP($C30,$C$269:$C$295,T$269:T$295,"-") -> 0 | U30: =_xlfn.XLOOKUP($C30,$C$269:$C$295,U$269:U$295,"-") -> 0 | V30: =_xlfn.XLOOKUP($C30,$C$269:$C$295,V$269:V$295,"-") -> 0 | W30: =_xlfn.XLOOKUP($C30,$C$269:$C$295,W$269:W$295,"-") -> 0 | X30: =_xlfn.XLOOKUP($C30,$C$269:$C$295,X$269:X$295,"-") -> 0 | Y30: =_xlfn.XLOOKUP($C30,$C$269:$C$295,Y$269:Y$295,"-") -> 0 | Z30: =_xlfn.XLOOKUP($C30,$C$269:$C$295,Z$269:Z$295,"-") -> 0 | ... AD30: =_xlfn.XLOOKUP($C30,$C$269:$C$295,AD$269:AD$295,"-") -> 0 | AE30: =IFERROR(AD30*(AE86/AD86),"-") -> - | AF30: =IFERROR(AE30*(AF86/AE86),"-") -> - | AG30: =IFERROR(AF30*(AG86/AF86),"-") -> - | AH30: =IFERROR(D30*$AH$4/S30,"-") -> - | AI30: =IFERROR(E30*$AH$4/T30,"-") -> - | AJ30: =IFERROR(F30*$AH$4/U30,"-") -> - | AK30: =IFERROR(G30*$AH$4/V30,"-") -> - | AL30: =IFERROR(H30*$AH$4/W30,"-") -> - | AM30: =IFERROR(I30*$AH$4/X30,"-") -> - | AN30: =IFERROR(J30*$AH$4/Y30,"-") -> - | AO30: =IFERROR(K30*$AH$4/Z30,"-") -> - | ... AV30: =IFERROR(R30*$AH$4/AG30,"-") -> -
B31: =C8 -> 08 Telemark (-2019) | C31: Post og distribusjonsvirksomhet | D31: =_xlfn.XLOOKUP($C31,$C$269:$C$295,D$269:D$295,"-") -> 229 | E31: =_xlfn.XLOOKUP($C31,$C$269:$C$295,E$269:E$295,"-") -> 302 | F31: =_xlfn.XLOOKUP($C31,$C$269:$C$295,F$269:F$295,"-") -> 282 | G31: =_xlfn.XLOOKUP($C31,$C$269:$C$295,G$269:G$295,"-") -> 264 | H31: =_xlfn.XLOOKUP($C31,$C$269:$C$295,H$269:H$295,"-") -> 238 | I31: =_xlfn.XLOOKUP($C31,$C$269:$C$295,I$269:I$295,"-") -> 258 | J31: =_xlfn.XLOOKUP($C31,$C$269:$C$295,J$269:J$295,"-") -> 257 | K31: =_xlfn.XLOOKUP($C31,$C$269:$C$295,K$269:K$295,"-") -> 259 | ... O31: =_xlfn.XLOOKUP($C31,$C$269:$C$295,O$269:O$295,"-") -> 0 | P31: =IFERROR(O31*(P87/O87),"-") -> 0 | Q31: =IFERROR(P31*(Q87/P87),"-") -> 0 | R31: =IFERROR(Q31*(R87/Q87),"-") -> 0 | S31: =_xlfn.XLOOKUP($C31,$C$269:$C$295,S$269:S$295,"-") -> 202 | T31: =_xlfn.XLOOKUP($C31,$C$269:$C$295,T$269:T$295,"-") -> 214 | U31: =_xlfn.XLOOKUP($C31,$C$269:$C$295,U$269:U$295,"-") -> 196 | V31: =_xlfn.XLOOKUP($C31,$C$269:$C$295,V$269:V$295,"-") -> 177 | W31: =_xlfn.XLOOKUP($C31,$C$269:$C$295,W$269:W$295,"-") -> 199 | X31: =_xlfn.XLOOKUP($C31,$C$269:$C$295,X$269:X$295,"-") -> 208 | Y31: =_xlfn.XLOOKUP($C31,$C$269:$C$295,Y$269:Y$295,"-") -> 213 | Z31: =_xlfn.XLOOKUP($C31,$C$269:$C$295,Z$269:Z$295,"-") -> 221 | ... AD31: =_xlfn.XLOOKUP($C31,$C$269:$C$295,AD$269:AD$295,"-") -> 0 | AE31: =IFERROR(AD31*(AE87/AD87),"-") -> 0 | AF31: =IFERROR(AE31*(AF87/AE87),"-") -> 0 | AG31: =IFERROR(AF31*(AG87/AF87),"-") -> 0 | AH31: =IFERROR(D31*$AH$4/S31,"-") -> 1133663.4 | AI31: =IFERROR(E31*$AH$4/T31,"-") -> 1411215 | AJ31: =IFERROR(F31*$AH$4/U31,"-") -> 1438775.5 | AK31: =IFERROR(G31*$AH$4/V31,"-") -> 1491525.4 | AL31: =IFERROR(H31*$AH$4/W31,"-") -> 1195979.9 | AM31: =IFERROR(I31*$AH$4/X31,"-") -> 1240384.6 | AN31: =IFERROR(J31*$AH$4/Y31,"-") -> 1206572.8 | AO31: =IFERROR(K31*$AH$4/Z31,"-") -> 1171945.7 | ... AV31: =IFERROR(R31*$AH$4/AG31,"-") -> -
B32: =C8 -> 08 Telemark (-2019) | C32: Bergverksdrift | D32: =_xlfn.XLOOKUP($C32,$C$269:$C$295,D$269:D$295,"-") -> 0 | E32: =_xlfn.XLOOKUP($C32,$C$269:$C$295,E$269:E$295,"-") -> 0 | F32: =_xlfn.XLOOKUP($C32,$C$269:$C$295,F$269:F$295,"-") -> 0 | G32: =_xlfn.XLOOKUP($C32,$C$269:$C$295,G$269:G$295,"-") -> 0 | H32: =_xlfn.XLOOKUP($C32,$C$269:$C$295,H$269:H$295,"-") -> 0 | I32: =_xlfn.XLOOKUP($C32,$C$269:$C$295,I$269:I$295,"-") -> 0 | J32: =_xlfn.XLOOKUP($C32,$C$269:$C$295,J$269:J$295,"-") -> 0 | K32: =_xlfn.XLOOKUP($C32,$C$269:$C$295,K$269:K$295,"-") -> 0 | ... O32: =_xlfn.XLOOKUP($C32,$C$269:$C$295,O$269:O$295,"-") -> 155 | P32: =IFERROR(O32*(P88/O88),"-") -> 0 | Q32: =IFERROR(P32*(Q88/P88),"-") -> - | R32: =IFERROR(Q32*(R88/Q88),"-") -> - | S32: =_xlfn.XLOOKUP($C32,$C$269:$C$295,S$269:S$295,"-") -> 0 | T32: =_xlfn.XLOOKUP($C32,$C$269:$C$295,T$269:T$295,"-") -> 0 | U32: =_xlfn.XLOOKUP($C32,$C$269:$C$295,U$269:U$295,"-") -> 0 | V32: =_xlfn.XLOOKUP($C32,$C$269:$C$295,V$269:V$295,"-") -> 0 | W32: =_xlfn.XLOOKUP($C32,$C$269:$C$295,W$269:W$295,"-") -> 0 | X32: =_xlfn.XLOOKUP($C32,$C$269:$C$295,X$269:X$295,"-") -> 0 | Y32: =_xlfn.XLOOKUP($C32,$C$269:$C$295,Y$269:Y$295,"-") -> 0 | Z32: =_xlfn.XLOOKUP($C32,$C$269:$C$295,Z$269:Z$295,"-") -> 0 | ... AD32: =_xlfn.XLOOKUP($C32,$C$269:$C$295,AD$269:AD$295,"-") -> 81 | AE32: =IFERROR(AD32*(AE88/AD88),"-") -> 0 | AF32: =IFERROR(AE32*(AF88/AE88),"-") -> - | AG32: =IFERROR(AF32*(AG88/AF88),"-") -> - | AH32: =IFERROR(D32*$AH$4/S32,"-") -> - | AI32: =IFERROR(E32*$AH$4/T32,"-") -> - | AJ32: =IFERROR(F32*$AH$4/U32,"-") -> - | AK32: =IFERROR(G32*$AH$4/V32,"-") -> - | AL32: =IFERROR(H32*$AH$4/W32,"-") -> - | AM32: =IFERROR(I32*$AH$4/X32,"-") -> - | AN32: =IFERROR(J32*$AH$4/Y32,"-") -> - | AO32: =IFERROR(K32*$AH$4/Z32,"-") -> - | ... AV32: =IFERROR(R32*$AH$4/AG32,"-") -> -
B33: =C8 -> 08 Telemark (-2019) | C33: Fastlands-Norge | D33: =_xlfn.XLOOKUP($C33,$C$269:$C$295,D$269:D$295,"-") -> 0 | E33: =_xlfn.XLOOKUP($C33,$C$269:$C$295,E$269:E$295,"-") -> 0 | F33: =_xlfn.XLOOKUP($C33,$C$269:$C$295,F$269:F$295,"-") -> 0 | G33: =_xlfn.XLOOKUP($C33,$C$269:$C$295,G$269:G$295,"-") -> 0 | H33: =_xlfn.XLOOKUP($C33,$C$269:$C$295,H$269:H$295,"-") -> 0 | I33: =_xlfn.XLOOKUP($C33,$C$269:$C$295,I$269:I$295,"-") -> 0 | J33: =_xlfn.XLOOKUP($C33,$C$269:$C$295,J$269:J$295,"-") -> 0 | K33: =_xlfn.XLOOKUP($C33,$C$269:$C$295,K$269:K$295,"-") -> 0 | ... O33: =_xlfn.XLOOKUP($C33,$C$269:$C$295,O$269:O$295,"-") -> 0 | P33: =IFERROR(O33*(P89/O89),"-") -> - | Q33: =IFERROR(P33*(Q89/P89),"-") -> - | R33: =IFERROR(Q33*(R89/Q89),"-") -> - | S33: =_xlfn.XLOOKUP($C33,$C$269:$C$295,S$269:S$295,"-") -> 0 | T33: =_xlfn.XLOOKUP($C33,$C$269:$C$295,T$269:T$295,"-") -> 0 | U33: =_xlfn.XLOOKUP($C33,$C$269:$C$295,U$269:U$295,"-") -> 0 | V33: =_xlfn.XLOOKUP($C33,$C$269:$C$295,V$269:V$295,"-") -> 0 | W33: =_xlfn.XLOOKUP($C33,$C$269:$C$295,W$269:W$295,"-") -> 0 | X33: =_xlfn.XLOOKUP($C33,$C$269:$C$295,X$269:X$295,"-") -> 0 | Y33: =_xlfn.XLOOKUP($C33,$C$269:$C$295,Y$269:Y$295,"-") -> 0 | Z33: =_xlfn.XLOOKUP($C33,$C$269:$C$295,Z$269:Z$295,"-") -> 0 | ... AD33: =_xlfn.XLOOKUP($C33,$C$269:$C$295,AD$269:AD$295,"-") -> 0 | AE33: =IFERROR(AD33*(AE89/AD89),"-") -> - | AF33: =IFERROR(AE33*(AF89/AE89),"-") -> - | AG33: =IFERROR(AF33*(AG89/AF89),"-") -> - | AH33: =IFERROR(D33*$AH$4/S33,"-") -> - | AI33: =IFERROR(E33*$AH$4/T33,"-") -> - | AJ33: =IFERROR(F33*$AH$4/U33,"-") -> - | AK33: =IFERROR(G33*$AH$4/V33,"-") -> - | AL33: =IFERROR(H33*$AH$4/W33,"-") -> - | AM33: =IFERROR(I33*$AH$4/X33,"-") -> - | AN33: =IFERROR(J33*$AH$4/Y33,"-") -> - | AO33: =IFERROR(K33*$AH$4/Z33,"-") -> - | ... AV33: =IFERROR(R33*$AH$4/AG33,"-") -> -
B34: =C8 -> 08 Telemark (-2019) | C34: Totalt for næringer | D34: =_xlfn.XLOOKUP($C34,$C$269:$C$295,D$269:D$295,"-") -> 51183 | E34: =_xlfn.XLOOKUP($C34,$C$269:$C$295,E$269:E$295,"-") -> 48884 | F34: =_xlfn.XLOOKUP($C34,$C$269:$C$295,F$269:F$295,"-") -> 51472 | G34: =_xlfn.XLOOKUP($C34,$C$269:$C$295,G$269:G$295,"-") -> 51737 | H34: =_xlfn.XLOOKUP($C34,$C$269:$C$295,H$269:H$295,"-") -> 53232 | I34: =_xlfn.XLOOKUP($C34,$C$269:$C$295,I$269:I$295,"-") -> 55740 | J34: =_xlfn.XLOOKUP($C34,$C$269:$C$295,J$269:J$295,"-") -> 57692 | K34: =_xlfn.XLOOKUP($C34,$C$269:$C$295,K$269:K$295,"-") -> 62342 | ... O34: =_xlfn.XLOOKUP($C34,$C$269:$C$295,O$269:O$295,"-") -> 72842 | P34: =IFERROR(O34*(P90/O90),"-") -> 71586.022 | Q34: =IFERROR(P34*(Q90/P90),"-") -> 80769.663 | R34: =IFERROR(Q34*(R90/Q90),"-") -> 89798.138 | S34: =_xlfn.XLOOKUP($C34,$C$269:$C$295,S$269:S$295,"-") -> 29917 | T34: =_xlfn.XLOOKUP($C34,$C$269:$C$295,T$269:T$295,"-") -> 30351 | U34: =_xlfn.XLOOKUP($C34,$C$269:$C$295,U$269:U$295,"-") -> 30900 | V34: =_xlfn.XLOOKUP($C34,$C$269:$C$295,V$269:V$295,"-") -> 32223 | W34: =_xlfn.XLOOKUP($C34,$C$269:$C$295,W$269:W$295,"-") -> 33992 | X34: =_xlfn.XLOOKUP($C34,$C$269:$C$295,X$269:X$295,"-") -> 35318 | Y34: =_xlfn.XLOOKUP($C34,$C$269:$C$295,Y$269:Y$295,"-") -> 36666 | Z34: =_xlfn.XLOOKUP($C34,$C$269:$C$295,Z$269:Z$295,"-") -> 37331 | ... AD34: =_xlfn.XLOOKUP($C34,$C$269:$C$295,AD$269:AD$295,"-") -> 44616 | AE34: =IFERROR(AD34*(AE90/AD90),"-") -> 43761.273 | AF34: =IFERROR(AE34*(AF90/AE90),"-") -> 46698.121 | AG34: =IFERROR(AF34*(AG90/AF90),"-") -> 50433.366 | AH34: =IFERROR(D34*$AH$4/S34,"-") -> 1710833.3 | AI34: =IFERROR(E34*$AH$4/T34,"-") -> 1610622.4 | AJ34: =IFERROR(F34*$AH$4/U34,"-") -> 1665760.5 | AK34: =IFERROR(G34*$AH$4/V34,"-") -> 1605592.3 | AL34: =IFERROR(H34*$AH$4/W34,"-") -> 1566015.5 | AM34: =IFERROR(I34*$AH$4/X34,"-") -> 1578232.1 | AN34: =IFERROR(J34*$AH$4/Y34,"-") -> 1573446.8 | AO34: =IFERROR(K34*$AH$4/Z34,"-") -> 1669979.4 | ... AV34: =IFERROR(R34*$AH$4/AG34,"-") -> 1780530.3
B36: =C36 -> 0 Hele landet | C36: 0 Hele landet
B37: =C36 -> 0 Hele landet | C37: Utvinning av råolje og naturgass, inkl. tjenester | D37: =_xlfn.XLOOKUP($C37,$C$188:$C$214,D$188:D$214,"-") -> 667080 | E37: =_xlfn.XLOOKUP($C37,$C$188:$C$214,E$188:E$214,"-") -> 479965 | F37: =_xlfn.XLOOKUP($C37,$C$188:$C$214,F$188:F$214,"-") -> 529698 | G37: =_xlfn.XLOOKUP($C37,$C$188:$C$214,G$188:G$214,"-") -> 654338 | H37: =_xlfn.XLOOKUP($C37,$C$188:$C$214,H$188:H$214,"-") -> 690275 | I37: =_xlfn.XLOOKUP($C37,$C$188:$C$214,I$188:I$214,"-") -> 677252 | J37: =_xlfn.XLOOKUP($C37,$C$188:$C$214,J$188:J$214,"-") -> 633518 | K37: =_xlfn.XLOOKUP($C37,$C$188:$C$214,K$188:K$214,"-") -> 518406 | ... AG37: =_xlfn.XLOOKUP($C37,$C$188:$C$214,AG$188:AG$214,"-") -> 90728 | AH37: =IFERROR(D37*$AH$4/S37,"-") -> 14967690 | AI37: =IFERROR(E37*$AH$4/T37,"-") -> 9234358.2 | AJ37: =IFERROR(F37*$AH$4/U37,"-") -> 9738348.7 | AK37: =IFERROR(G37*$AH$4/V37,"-") -> 10611517 | AL37: =IFERROR(H37*$AH$4/W37,"-") -> 9862762.2 | AM37: =IFERROR(I37*$AH$4/X37,"-") -> 8609318 | AN37: =IFERROR(J37*$AH$4/Y37,"-") -> 7734790.3 | AO37: =IFERROR(K37*$AH$4/Z37,"-") -> 6701128.5 | ... AV37: =IFERROR(R37*$AH$4/AG37,"-") -> 22651133
B38: =C36 -> 0 Hele landet | C38: Helse- og omsorgstjenester | D38: =_xlfn.XLOOKUP($C38,$C$188:$C$214,D$188:D$214,"-") -> 197357 | E38: =_xlfn.XLOOKUP($C38,$C$188:$C$214,E$188:E$214,"-") -> 210112 | F38: =_xlfn.XLOOKUP($C38,$C$188:$C$214,F$188:F$214,"-") -> 221767 | G38: =_xlfn.XLOOKUP($C38,$C$188:$C$214,G$188:G$214,"-") -> 238440 | H38: =_xlfn.XLOOKUP($C38,$C$188:$C$214,H$188:H$214,"-") -> 254323 | I38: =_xlfn.XLOOKUP($C38,$C$188:$C$214,I$188:I$214,"-") -> 270395 | J38: =_xlfn.XLOOKUP($C38,$C$188:$C$214,J$188:J$214,"-") -> 286294 | K38: =_xlfn.XLOOKUP($C38,$C$188:$C$214,K$188:K$214,"-") -> 301614 | ... AG38: =_xlfn.XLOOKUP($C38,$C$188:$C$214,AG$188:AG$214,"-") -> 371408 | AH38: =IFERROR(D38*$AH$4/S38,"-") -> 1128128.2 | AI38: =IFERROR(E38*$AH$4/T38,"-") -> 1121931.7 | AJ38: =IFERROR(F38*$AH$4/U38,"-") -> 1123866.7 | AK38: =IFERROR(G38*$AH$4/V38,"-") -> 1121917.5 | AL38: =IFERROR(H38*$AH$4/W38,"-") -> 1122868.6 | AM38: =IFERROR(I38*$AH$4/X38,"-") -> 1120919.8 | AN38: =IFERROR(J38*$AH$4/Y38,"-") -> 1124194 | AO38: =IFERROR(K38*$AH$4/Z38,"-") -> 1126661.3 | ... AV38: =IFERROR(R38*$AH$4/AG38,"-") -> 1124545
B39: =C36 -> 0 Hele landet | C39: Varehandel og reparasjon av motorvogner | D39: =_xlfn.XLOOKUP($C39,$C$188:$C$214,D$188:D$214,"-") -> 184899 | E39: =_xlfn.XLOOKUP($C39,$C$188:$C$214,E$188:E$214,"-") -> 170295 | F39: =_xlfn.XLOOKUP($C39,$C$188:$C$214,F$188:F$214,"-") -> 181877 | G39: =_xlfn.XLOOKUP($C39,$C$188:$C$214,G$188:G$214,"-") -> 184055 | H39: =_xlfn.XLOOKUP($C39,$C$188:$C$214,H$188:H$214,"-") -> 195196 | I39: =_xlfn.XLOOKUP($C39,$C$188:$C$214,I$188:I$214,"-") -> 194847 | J39: =_xlfn.XLOOKUP($C39,$C$188:$C$214,J$188:J$214,"-") -> 210433 | K39: =_xlfn.XLOOKUP($C39,$C$188:$C$214,K$188:K$214,"-") -> 216602 | ... AG39: =_xlfn.XLOOKUP($C39,$C$188:$C$214,AG$188:AG$214,"-") -> 204500 | AH39: =IFERROR(D39*$AH$4/S39,"-") -> 1423175.8 | AI39: =IFERROR(E39*$AH$4/T39,"-") -> 1300865.5 | AJ39: =IFERROR(F39*$AH$4/U39,"-") -> 1361120.5 | AK39: =IFERROR(G39*$AH$4/V39,"-") -> 1339556 | AL39: =IFERROR(H39*$AH$4/W39,"-") -> 1350594.4 | AM39: =IFERROR(I39*$AH$4/X39,"-") -> 1293572.9 | AN39: =IFERROR(J39*$AH$4/Y39,"-") -> 1364666.9 | AO39: =IFERROR(K39*$AH$4/Z39,"-") -> 1356815.3 | ... AV39: =IFERROR(R39*$AH$4/AG39,"-") -> 1555266.5
B40: =C36 -> 0 Hele landet | C40: Industri | D40: =_xlfn.XLOOKUP($C40,$C$188:$C$214,D$188:D$214,"-") -> 204922 | E40: =_xlfn.XLOOKUP($C40,$C$188:$C$214,E$188:E$214,"-") -> 182306 | F40: =_xlfn.XLOOKUP($C40,$C$188:$C$214,F$188:F$214,"-") -> 189608 | G40: =_xlfn.XLOOKUP($C40,$C$188:$C$214,G$188:G$214,"-") -> 191953 | H40: =_xlfn.XLOOKUP($C40,$C$188:$C$214,H$188:H$214,"-") -> 200074 | I40: =_xlfn.XLOOKUP($C40,$C$188:$C$214,I$188:I$214,"-") -> 207342 | J40: =_xlfn.XLOOKUP($C40,$C$188:$C$214,J$188:J$214,"-") -> 217755 | K40: =_xlfn.XLOOKUP($C40,$C$188:$C$214,K$188:K$214,"-") -> 217910 | ... AG40: =_xlfn.XLOOKUP($C40,$C$188:$C$214,AG$188:AG$214,"-") -> 173152 | AH40: =IFERROR(D40*$AH$4/S40,"-") -> 1556330.2 | AI40: =IFERROR(E40*$AH$4/T40,"-") -> 1445278.6 | AJ40: =IFERROR(F40*$AH$4/U40,"-") -> 1531901.1 | AK40: =IFERROR(G40*$AH$4/V40,"-") -> 1488400 | AL40: =IFERROR(H40*$AH$4/W40,"-") -> 1459999.9 | AM40: =IFERROR(I40*$AH$4/X40,"-") -> 1438636.2 | AN40: =IFERROR(J40*$AH$4/Y40,"-") -> 1453744.9 | AO40: =IFERROR(K40*$AH$4/Z40,"-") -> 1469386.4 | ... AV40: =IFERROR(R40*$AH$4/AG40,"-") -> 1616874.2
B41: =C36 -> 0 Hele landet | C41: Offentlig administrasjon og forsvar | D41: =_xlfn.XLOOKUP($C41,$C$188:$C$214,D$188:D$214,"-") -> 117765 | E41: =_xlfn.XLOOKUP($C41,$C$188:$C$214,E$188:E$214,"-") -> 127680 | F41: =_xlfn.XLOOKUP($C41,$C$188:$C$214,F$188:F$214,"-") -> 135790 | G41: =_xlfn.XLOOKUP($C41,$C$188:$C$214,G$188:G$214,"-") -> 143789 | H41: =_xlfn.XLOOKUP($C41,$C$188:$C$214,H$188:H$214,"-") -> 153643 | I41: =_xlfn.XLOOKUP($C41,$C$188:$C$214,I$188:I$214,"-") -> 159395 | J41: =_xlfn.XLOOKUP($C41,$C$188:$C$214,J$188:J$214,"-") -> 170570 | K41: =_xlfn.XLOOKUP($C41,$C$188:$C$214,K$188:K$214,"-") -> 180578 | ... AG41: =_xlfn.XLOOKUP($C41,$C$188:$C$214,AG$188:AG$214,"-") -> 170420 | AH41: =IFERROR(D41*$AH$4/S41,"-") -> 1387298.6 | AI41: =IFERROR(E41*$AH$4/T41,"-") -> 1395669.1 | AJ41: =IFERROR(F41*$AH$4/U41,"-") -> 1399868 | AK41: =IFERROR(G41*$AH$4/V41,"-") -> 1402518.5 | AL41: =IFERROR(H41*$AH$4/W41,"-") -> 1414474 | AM41: =IFERROR(I41*$AH$4/X41,"-") -> 1405166 | AN41: =IFERROR(J41*$AH$4/Y41,"-") -> 1410567.1 | AO41: =IFERROR(K41*$AH$4/Z41,"-") -> 1430015 | ... AV41: =IFERROR(R41*$AH$4/AG41,"-") -> 1514300
B42: =C36 -> 0 Hele landet | C42: Bygge- og anleggsvirksomhet | D42: =_xlfn.XLOOKUP($C42,$C$188:$C$214,D$188:D$214,"-") -> 124144 | E42: =_xlfn.XLOOKUP($C42,$C$188:$C$214,E$188:E$214,"-") -> 121604 | F42: =_xlfn.XLOOKUP($C42,$C$188:$C$214,F$188:F$214,"-") -> 123752 | G42: =_xlfn.XLOOKUP($C42,$C$188:$C$214,G$188:G$214,"-") -> 135498 | H42: =_xlfn.XLOOKUP($C42,$C$188:$C$214,H$188:H$214,"-") -> 153033 | I42: =_xlfn.XLOOKUP($C42,$C$188:$C$214,I$188:I$214,"-") -> 159061 | J42: =_xlfn.XLOOKUP($C42,$C$188:$C$214,J$188:J$214,"-") -> 167843 | K42: =_xlfn.XLOOKUP($C42,$C$188:$C$214,K$188:K$214,"-") -> 176230 | ... AG42: =_xlfn.XLOOKUP($C42,$C$188:$C$214,AG$188:AG$214,"-") -> 174428 | AH42: =IFERROR(D42*$AH$4/S42,"-") -> 1550540.2 | AI42: =IFERROR(E42*$AH$4/T42,"-") -> 1538570.5 | AJ42: =IFERROR(F42*$AH$4/U42,"-") -> 1548564.7 | AK42: =IFERROR(G42*$AH$4/V42,"-") -> 1562332.8 | AL42: =IFERROR(H42*$AH$4/W42,"-") -> 1597521.8 | AM42: =IFERROR(I42*$AH$4/X42,"-") -> 1546684.2 | AN42: =IFERROR(J42*$AH$4/Y42,"-") -> 1547924.5 | AO42: =IFERROR(K42*$AH$4/Z42,"-") -> 1541941.2 | ... AV42: =IFERROR(R42*$AH$4/AG42,"-") -> 1417364.2
B43: =C36 -> 0 Hele landet | C43: Undervisning | D43: =_xlfn.XLOOKUP($C43,$C$188:$C$214,D$188:D$214,"-") -> 98460 | E43: =_xlfn.XLOOKUP($C43,$C$188:$C$214,E$188:E$214,"-") -> 106129 | F43: =_xlfn.XLOOKUP($C43,$C$188:$C$214,F$188:F$214,"-") -> 112623 | G43: =_xlfn.XLOOKUP($C43,$C$188:$C$214,G$188:G$214,"-") -> 118435 | H43: =_xlfn.XLOOKUP($C43,$C$188:$C$214,H$188:H$214,"-") -> 125315 | I43: =_xlfn.XLOOKUP($C43,$C$188:$C$214,I$188:I$214,"-") -> 132434 | J43: =_xlfn.XLOOKUP($C43,$C$188:$C$214,J$188:J$214,"-") -> 137387 | K43: =_xlfn.XLOOKUP($C43,$C$188:$C$214,K$188:K$214,"-") -> 143673 | ... AG43: =_xlfn.XLOOKUP($C43,$C$188:$C$214,AG$188:AG$214,"-") -> 153431 | AH43: =IFERROR(D43*$AH$4/S43,"-") -> 1204831.1 | AI43: =IFERROR(E43*$AH$4/T43,"-") -> 1204587.8 | AJ43: =IFERROR(F43*$AH$4/U43,"-") -> 1218204.4 | AK43: =IFERROR(G43*$AH$4/V43,"-") -> 1223969.9 | AL43: =IFERROR(H43*$AH$4/W43,"-") -> 1235263.4 | AM43: =IFERROR(I43*$AH$4/X43,"-") -> 1233998.9 | AN43: =IFERROR(J43*$AH$4/Y43,"-") -> 1236551 | AO43: =IFERROR(K43*$AH$4/Z43,"-") -> 1233636.4 | ... AV43: =IFERROR(R43*$AH$4/AG43,"-") -> 1262306.8
B44: =C36 -> 0 Hele landet | C44: Faglig, vitenskapelig og teknisk tjenesteyting | D44: =_xlfn.XLOOKUP($C44,$C$188:$C$214,D$188:D$214,"-") -> 96107 | E44: =_xlfn.XLOOKUP($C44,$C$188:$C$214,E$188:E$214,"-") -> 96726 | F44: =_xlfn.XLOOKUP($C44,$C$188:$C$214,F$188:F$214,"-") -> 100164 | G44: =_xlfn.XLOOKUP($C44,$C$188:$C$214,G$188:G$214,"-") -> 102397 | H44: =_xlfn.XLOOKUP($C44,$C$188:$C$214,H$188:H$214,"-") -> 115910 | I44: =_xlfn.XLOOKUP($C44,$C$188:$C$214,I$188:I$214,"-") -> 124825 | J44: =_xlfn.XLOOKUP($C44,$C$188:$C$214,J$188:J$214,"-") -> 130160 | K44: =_xlfn.XLOOKUP($C44,$C$188:$C$214,K$188:K$214,"-") -> 127613 | ... AG44: =_xlfn.XLOOKUP($C44,$C$188:$C$214,AG$188:AG$214,"-") -> 131242 | AH44: =IFERROR(D44*$AH$4/S44,"-") -> 1520536 | AI44: =IFERROR(E44*$AH$4/T44,"-") -> 1472394.3 | AJ44: =IFERROR(F44*$AH$4/U44,"-") -> 1475299.7 | AK44: =IFERROR(G44*$AH$4/V44,"-") -> 1426459.9 | AL44: =IFERROR(H44*$AH$4/W44,"-") -> 1478217.6 | AM44: =IFERROR(I44*$AH$4/X44,"-") -> 1474967.2 | AN44: =IFERROR(J44*$AH$4/Y44,"-") -> 1466839.5 | AO44: =IFERROR(K44*$AH$4/Z44,"-") -> 1392197.5 | ... AV44: =IFERROR(R44*$AH$4/AG44,"-") -> 1485035.3
B45: =C36 -> 0 Hele landet | C45: Finansierings- og forsikringsvirksomhet | D45: =_xlfn.XLOOKUP($C45,$C$188:$C$214,D$188:D$214,"-") -> 84058 | E45: =_xlfn.XLOOKUP($C45,$C$188:$C$214,E$188:E$214,"-") -> 100756 | F45: =_xlfn.XLOOKUP($C45,$C$188:$C$214,F$188:F$214,"-") -> 100041 | G45: =_xlfn.XLOOKUP($C45,$C$188:$C$214,G$188:G$214,"-") -> 97310 | H45: =_xlfn.XLOOKUP($C45,$C$188:$C$214,H$188:H$214,"-") -> 119534 | I45: =_xlfn.XLOOKUP($C45,$C$188:$C$214,I$188:I$214,"-") -> 134470 | J45: =_xlfn.XLOOKUP($C45,$C$188:$C$214,J$188:J$214,"-") -> 140337 | K45: =_xlfn.XLOOKUP($C45,$C$188:$C$214,K$188:K$214,"-") -> 143370 | ... AG45: =_xlfn.XLOOKUP($C45,$C$188:$C$214,AG$188:AG$214,"-") -> 60258 | AH45: =IFERROR(D45*$AH$4/S45,"-") -> 2251513.4 | AI45: =IFERROR(E45*$AH$4/T45,"-") -> 2573720.2 | AJ45: =IFERROR(F45*$AH$4/U45,"-") -> 2529737.5 | AK45: =IFERROR(G45*$AH$4/V45,"-") -> 2409379 | AL45: =IFERROR(H45*$AH$4/W45,"-") -> 2832894.9 | AM45: =IFERROR(I45*$AH$4/X45,"-") -> 3099672.7 | AN45: =IFERROR(J45*$AH$4/Y45,"-") -> 3094736.1 | AO45: =IFERROR(K45*$AH$4/Z45,"-") -> 3095207.3 | ... AV45: =IFERROR(R45*$AH$4/AG45,"-") -> 2810979.5
B46: =C36 -> 0 Hele landet | C46: Boligtjenester, egen bolig | D46: =_xlfn.XLOOKUP($C46,$C$188:$C$214,D$188:D$214,"-") -> 94995 | E46: =_xlfn.XLOOKUP($C46,$C$188:$C$214,E$188:E$214,"-") -> 90721 | F46: =_xlfn.XLOOKUP($C46,$C$188:$C$214,F$188:F$214,"-") -> 97312 | G46: =_xlfn.XLOOKUP($C46,$C$188:$C$214,G$188:G$214,"-") -> 102616 | H46: =_xlfn.XLOOKUP($C46,$C$188:$C$214,H$188:H$214,"-") -> 101776 | I46: =_xlfn.XLOOKUP($C46,$C$188:$C$214,I$188:I$214,"-") -> 107826 | J46: =_xlfn.XLOOKUP($C46,$C$188:$C$214,J$188:J$214,"-") -> 114788 | K46: =_xlfn.XLOOKUP($C46,$C$188:$C$214,K$188:K$214,"-") -> 126407 | ... AG46: =_xlfn.XLOOKUP($C46,$C$188:$C$214,AG$188:AG$214,"-") -> 0 | AH46: =IFERROR(D46*$AH$4/S46,"-") -> - | AI46: =IFERROR(E46*$AH$4/T46,"-") -> - | AJ46: =IFERROR(F46*$AH$4/U46,"-") -> - | AK46: =IFERROR(G46*$AH$4/V46,"-") -> - | AL46: =IFERROR(H46*$AH$4/W46,"-") -> - | AM46: =IFERROR(I46*$AH$4/X46,"-") -> - | AN46: =IFERROR(J46*$AH$4/Y46,"-") -> - | AO46: =IFERROR(K46*$AH$4/Z46,"-") -> - | ... AV46: =IFERROR(R46*$AH$4/AG46,"-") -> -
B47: =C36 -> 0 Hele landet | C47: Informasjon og kommunikasjon | D47: =_xlfn.XLOOKUP($C47,$C$188:$C$214,D$188:D$214,"-") -> 85460 | E47: =_xlfn.XLOOKUP($C47,$C$188:$C$214,E$188:E$214,"-") -> 87473 | F47: =_xlfn.XLOOKUP($C47,$C$188:$C$214,F$188:F$214,"-") -> 95343 | G47: =_xlfn.XLOOKUP($C47,$C$188:$C$214,G$188:G$214,"-") -> 98626 | H47: =_xlfn.XLOOKUP($C47,$C$188:$C$214,H$188:H$214,"-") -> 103657 | I47: =_xlfn.XLOOKUP($C47,$C$188:$C$214,I$188:I$214,"-") -> 108300 | J47: =_xlfn.XLOOKUP($C47,$C$188:$C$214,J$188:J$214,"-") -> 110561 | K47: =_xlfn.XLOOKUP($C47,$C$188:$C$214,K$188:K$214,"-") -> 114160 | ... AG47: =_xlfn.XLOOKUP($C47,$C$188:$C$214,AG$188:AG$214,"-") -> 108827 | AH47: =IFERROR(D47*$AH$4/S47,"-") -> 1616815.2 | AI47: =IFERROR(E47*$AH$4/T47,"-") -> 1619810.4 | AJ47: =IFERROR(F47*$AH$4/U47,"-") -> 1730897 | AK47: =IFERROR(G47*$AH$4/V47,"-") -> 1675603.1 | AL47: =IFERROR(H47*$AH$4/W47,"-") -> 1655994.9 | AM47: =IFERROR(I47*$AH$4/X47,"-") -> 1658118.3 | AN47: =IFERROR(J47*$AH$4/Y47,"-") -> 1606781.1 | AO47: =IFERROR(K47*$AH$4/Z47,"-") -> 1587297.2 | ... AV47: =IFERROR(R47*$AH$4/AG47,"-") -> 1536521.3
B48: =C36 -> 0 Hele landet | C48: Forretningsmessig tjenesteyting | D48: =_xlfn.XLOOKUP($C48,$C$188:$C$214,D$188:D$214,"-") -> 56704 | E48: =_xlfn.XLOOKUP($C48,$C$188:$C$214,E$188:E$214,"-") -> 56521 | F48: =_xlfn.XLOOKUP($C48,$C$188:$C$214,F$188:F$214,"-") -> 57320 | G48: =_xlfn.XLOOKUP($C48,$C$188:$C$214,G$188:G$214,"-") -> 65154 | H48: =_xlfn.XLOOKUP($C48,$C$188:$C$214,H$188:H$214,"-") -> 70801 | I48: =_xlfn.XLOOKUP($C48,$C$188:$C$214,I$188:I$214,"-") -> 73775 | J48: =_xlfn.XLOOKUP($C48,$C$188:$C$214,J$188:J$214,"-") -> 76556 | K48: =_xlfn.XLOOKUP($C48,$C$188:$C$214,K$188:K$214,"-") -> 74119 | ... AG48: =_xlfn.XLOOKUP($C48,$C$188:$C$214,AG$188:AG$214,"-") -> 80446 | AH48: =IFERROR(D48*$AH$4/S48,"-") -> 1285805 | AI48: =IFERROR(E48*$AH$4/T48,"-") -> 1347759.7 | AJ48: =IFERROR(F48*$AH$4/U48,"-") -> 1343395.5 | AK48: =IFERROR(G48*$AH$4/V48,"-") -> 1316029.7 | AL48: =IFERROR(H48*$AH$4/W48,"-") -> 1331071 | AM48: =IFERROR(I48*$AH$4/X48,"-") -> 1323199.7 | AN48: =IFERROR(J48*$AH$4/Y48,"-") -> 1327645.1 | AO48: =IFERROR(K48*$AH$4/Z48,"-") -> 1301955.1 | ... AV48: =IFERROR(R48*$AH$4/AG48,"-") -> 1330818.2
B49: =C36 -> 0 Hele landet | C49: Transport utenom utenriks sjøfart | D49: =_xlfn.XLOOKUP($C49,$C$188:$C$214,D$188:D$214,"-") -> 77829 | E49: =_xlfn.XLOOKUP($C49,$C$188:$C$214,E$188:E$214,"-") -> 75655 | F49: =_xlfn.XLOOKUP($C49,$C$188:$C$214,F$188:F$214,"-") -> 77711 | G49: =_xlfn.XLOOKUP($C49,$C$188:$C$214,G$188:G$214,"-") -> 81717 | H49: =_xlfn.XLOOKUP($C49,$C$188:$C$214,H$188:H$214,"-") -> 85696 | I49: =_xlfn.XLOOKUP($C49,$C$188:$C$214,I$188:I$214,"-") -> 93225 | J49: =_xlfn.XLOOKUP($C49,$C$188:$C$214,J$188:J$214,"-") -> 94314 | K49: =_xlfn.XLOOKUP($C49,$C$188:$C$214,K$188:K$214,"-") -> 97508 | ... AG49: =_xlfn.XLOOKUP($C49,$C$188:$C$214,AG$188:AG$214,"-") -> 83802 | AH49: =IFERROR(D49*$AH$4/S49,"-") -> 1504581.7 | AI49: =IFERROR(E49*$AH$4/T49,"-") -> 1430151.2 | AJ49: =IFERROR(F49*$AH$4/U49,"-") -> 1425497.6 | AK49: =IFERROR(G49*$AH$4/V49,"-") -> 1423616.3 | AL49: =IFERROR(H49*$AH$4/W49,"-") -> 1444468.8 | AM49: =IFERROR(I49*$AH$4/X49,"-") -> 1491480.7 | AN49: =IFERROR(J49*$AH$4/Y49,"-") -> 1457374.6 | AO49: =IFERROR(K49*$AH$4/Z49,"-") -> 1453954.4 | ... AV49: =IFERROR(R49*$AH$4/AG49,"-") -> 1029020.8
B50: =C36 -> 0 Hele landet | C50: Omsetning og drift av fast eiendom | D50: =_xlfn.XLOOKUP($C50,$C$188:$C$214,D$188:D$214,"-") -> 47937 | E50: =_xlfn.XLOOKUP($C50,$C$188:$C$214,E$188:E$214,"-") -> 54257 | F50: =_xlfn.XLOOKUP($C50,$C$188:$C$214,F$188:F$214,"-") -> 56310 | G50: =_xlfn.XLOOKUP($C50,$C$188:$C$214,G$188:G$214,"-") -> 61242 | H50: =_xlfn.XLOOKUP($C50,$C$188:$C$214,H$188:H$214,"-") -> 66607 | I50: =_xlfn.XLOOKUP($C50,$C$188:$C$214,I$188:I$214,"-") -> 68014 | J50: =_xlfn.XLOOKUP($C50,$C$188:$C$214,J$188:J$214,"-") -> 71323 | K50: =_xlfn.XLOOKUP($C50,$C$188:$C$214,K$188:K$214,"-") -> 74629 | ... AG50: =_xlfn.XLOOKUP($C50,$C$188:$C$214,AG$188:AG$214,"-") -> 25102 | AH50: =IFERROR(D50*$AH$4/S50,"-") -> 4105952.9 | AI50: =IFERROR(E50*$AH$4/T50,"-") -> 4667670.3 | AJ50: =IFERROR(F50*$AH$4/U50,"-") -> 4689373.8 | AK50: =IFERROR(G50*$AH$4/V50,"-") -> 4670327.2 | AL50: =IFERROR(H50*$AH$4/W50,"-") -> 4526162 | AM50: =IFERROR(I50*$AH$4/X50,"-") -> 4484341 | AN50: =IFERROR(J50*$AH$4/Y50,"-") -> 4493636.6 | AO50: =IFERROR(K50*$AH$4/Z50,"-") -> 4420625.5 | ... AV50: =IFERROR(R50*$AH$4/AG50,"-") -> 4046570
B51: =C36 -> 0 Hele landet | C51: Elektrisitets-, gass- og varmtvannsforsyning | D51: =_xlfn.XLOOKUP($C51,$C$188:$C$214,D$188:D$214,"-") -> 55979 | E51: =_xlfn.XLOOKUP($C51,$C$188:$C$214,E$188:E$214,"-") -> 50242 | F51: =_xlfn.XLOOKUP($C51,$C$188:$C$214,F$188:F$214,"-") -> 58603 | G51: =_xlfn.XLOOKUP($C51,$C$188:$C$214,G$188:G$214,"-") -> 55596 | H51: =_xlfn.XLOOKUP($C51,$C$188:$C$214,H$188:H$214,"-") -> 53698 | I51: =_xlfn.XLOOKUP($C51,$C$188:$C$214,I$188:I$214,"-") -> 56089 | J51: =_xlfn.XLOOKUP($C51,$C$188:$C$214,J$188:J$214,"-") -> 55521 | K51: =_xlfn.XLOOKUP($C51,$C$188:$C$214,K$188:K$214,"-") -> 52946 | ... AG51: =_xlfn.XLOOKUP($C51,$C$188:$C$214,AG$188:AG$214,"-") -> 20155 | AH51: =IFERROR(D51*$AH$4/S51,"-") -> 5143710.4 | AI51: =IFERROR(E51*$AH$4/T51,"-") -> 4754613.4 | AJ51: =IFERROR(F51*$AH$4/U51,"-") -> 5699572.1 | AK51: =IFERROR(G51*$AH$4/V51,"-") -> 5020408.2 | AL51: =IFERROR(H51*$AH$4/W51,"-") -> 4490550.3 | AM51: =IFERROR(I51*$AH$4/X51,"-") -> 4471380.7 | AN51: =IFERROR(J51*$AH$4/Y51,"-") -> 4151102.8 | AO51: =IFERROR(K51*$AH$4/Z51,"-") -> 3745737.5 | ... AV51: =IFERROR(R51*$AH$4/AG51,"-") -> 9803870
B52: =C36 -> 0 Hele landet | C52: Kultur, underholdning og annen tjenesteyting | D52: =_xlfn.XLOOKUP($C52,$C$188:$C$214,D$188:D$214,"-") -> 41733 | E52: =_xlfn.XLOOKUP($C52,$C$188:$C$214,E$188:E$214,"-") -> 43181 | F52: =_xlfn.XLOOKUP($C52,$C$188:$C$214,F$188:F$214,"-") -> 45014 | G52: =_xlfn.XLOOKUP($C52,$C$188:$C$214,G$188:G$214,"-") -> 46304 | H52: =_xlfn.XLOOKUP($C52,$C$188:$C$214,H$188:H$214,"-") -> 48278 | I52: =_xlfn.XLOOKUP($C52,$C$188:$C$214,I$188:I$214,"-") -> 50005 | J52: =_xlfn.XLOOKUP($C52,$C$188:$C$214,J$188:J$214,"-") -> 52844 | K52: =_xlfn.XLOOKUP($C52,$C$188:$C$214,K$188:K$214,"-") -> 55638 | ... AG52: =_xlfn.XLOOKUP($C52,$C$188:$C$214,AG$188:AG$214,"-") -> 50502 | AH52: =IFERROR(D52*$AH$4/S52,"-") -> 1501997.5 | AI52: =IFERROR(E52*$AH$4/T52,"-") -> 1449416 | AJ52: =IFERROR(F52*$AH$4/U52,"-") -> 1460308.2 | AK52: =IFERROR(G52*$AH$4/V52,"-") -> 1420411.7 | AL52: =IFERROR(H52*$AH$4/W52,"-") -> 1418689.4 | AM52: =IFERROR(I52*$AH$4/X52,"-") -> 1419789.9 | AN52: =IFERROR(J52*$AH$4/Y52,"-") -> 1440833.2 | AO52: =IFERROR(K52*$AH$4/Z52,"-") -> 1479812.8 | ... AV52: =IFERROR(R52*$AH$4/AG52,"-") -> 1448318.9
B53: =C36 -> 0 Hele landet | C53: Overnattings- og serveringsvirksomhet | D53: =_xlfn.XLOOKUP($C53,$C$188:$C$214,D$188:D$214,"-") -> 28692 | E53: =_xlfn.XLOOKUP($C53,$C$188:$C$214,E$188:E$214,"-") -> 28935 | F53: =_xlfn.XLOOKUP($C53,$C$188:$C$214,F$188:F$214,"-") -> 29487 | G53: =_xlfn.XLOOKUP($C53,$C$188:$C$214,G$188:G$214,"-") -> 31569 | H53: =_xlfn.XLOOKUP($C53,$C$188:$C$214,H$188:H$214,"-") -> 33503 | I53: =_xlfn.XLOOKUP($C53,$C$188:$C$214,I$188:I$214,"-") -> 35449 | J53: =_xlfn.XLOOKUP($C53,$C$188:$C$214,J$188:J$214,"-") -> 37345 | K53: =_xlfn.XLOOKUP($C53,$C$188:$C$214,K$188:K$214,"-") -> 39397 | ... AG53: =_xlfn.XLOOKUP($C53,$C$188:$C$214,AG$188:AG$214,"-") -> 41099 | AH53: =IFERROR(D53*$AH$4/S53,"-") -> 1412772.7 | AI53: =IFERROR(E53*$AH$4/T53,"-") -> 1414361.1 | AJ53: =IFERROR(F53*$AH$4/U53,"-") -> 1375711.5 | AK53: =IFERROR(G53*$AH$4/V53,"-") -> 1385273.6 | AL53: =IFERROR(H53*$AH$4/W53,"-") -> 1407925.7 | AM53: =IFERROR(I53*$AH$4/X53,"-") -> 1394093.1 | AN53: =IFERROR(J53*$AH$4/Y53,"-") -> 1379265.8 | AO53: =IFERROR(K53*$AH$4/Z53,"-") -> 1377084.1 | ... AV53: =IFERROR(R53*$AH$4/AG53,"-") -> 1386311.1
B54: =C36 -> 0 Hele landet | C54: Fiske, fangst og akvakultur | D54: =_xlfn.XLOOKUP($C54,$C$188:$C$214,D$188:D$214,"-") -> 11509 | E54: =_xlfn.XLOOKUP($C54,$C$188:$C$214,E$188:E$214,"-") -> 13976 | F54: =_xlfn.XLOOKUP($C54,$C$188:$C$214,F$188:F$214,"-") -> 21973 | G54: =_xlfn.XLOOKUP($C54,$C$188:$C$214,G$188:G$214,"-") -> 19716 | H54: =_xlfn.XLOOKUP($C54,$C$188:$C$214,H$188:H$214,"-") -> 15076 | I54: =_xlfn.XLOOKUP($C54,$C$188:$C$214,I$188:I$214,"-") -> 22333 | J54: =_xlfn.XLOOKUP($C54,$C$188:$C$214,J$188:J$214,"-") -> 25925 | K54: =_xlfn.XLOOKUP($C54,$C$188:$C$214,K$188:K$214,"-") -> 26487 | ... AG54: =_xlfn.XLOOKUP($C54,$C$188:$C$214,AG$188:AG$214,"-") -> 11824 | AH54: =IFERROR(D54*$AH$4/S54,"-") -> 4092816.5 | AI54: =IFERROR(E54*$AH$4/T54,"-") -> 4492446.2 | AJ54: =IFERROR(F54*$AH$4/U54,"-") -> 5839224 | AK54: =IFERROR(G54*$AH$4/V54,"-") -> 4758870.4 | AL54: =IFERROR(H54*$AH$4/W54,"-") -> 3506046.5 | AM54: =IFERROR(I54*$AH$4/X54,"-") -> 4914832.7 | AN54: =IFERROR(J54*$AH$4/Y54,"-") -> 5108374.4 | AO54: =IFERROR(K54*$AH$4/Z54,"-") -> 4740826.9 | ... AV54: =IFERROR(R54*$AH$4/AG54,"-") -> 5688007.4
B55: =C36 -> 0 Hele landet | C55: Utenriks sjøfart | D55: =_xlfn.XLOOKUP($C55,$C$188:$C$214,D$188:D$214,"-") -> 22803 | E55: =_xlfn.XLOOKUP($C55,$C$188:$C$214,E$188:E$214,"-") -> 20091 | F55: =_xlfn.XLOOKUP($C55,$C$188:$C$214,F$188:F$214,"-") -> 21991 | G55: =_xlfn.XLOOKUP($C55,$C$188:$C$214,G$188:G$214,"-") -> 22638 | H55: =_xlfn.XLOOKUP($C55,$C$188:$C$214,H$188:H$214,"-") -> 24164 | I55: =_xlfn.XLOOKUP($C55,$C$188:$C$214,I$188:I$214,"-") -> 28195 | J55: =_xlfn.XLOOKUP($C55,$C$188:$C$214,J$188:J$214,"-") -> 28983 | K55: =_xlfn.XLOOKUP($C55,$C$188:$C$214,K$188:K$214,"-") -> 29604 | ... AG55: =_xlfn.XLOOKUP($C55,$C$188:$C$214,AG$188:AG$214,"-") -> 11479 | AH55: =IFERROR(D55*$AH$4/S55,"-") -> 2185660.9 | AI55: =IFERROR(E55*$AH$4/T55,"-") -> 2124682.7 | AJ55: =IFERROR(F55*$AH$4/U55,"-") -> 1866332.9 | AK55: =IFERROR(G55*$AH$4/V55,"-") -> 1846643.3 | AL55: =IFERROR(H55*$AH$4/W55,"-") -> 1739668.8 | AM55: =IFERROR(I55*$AH$4/X55,"-") -> 1951886.5 | AN55: =IFERROR(J55*$AH$4/Y55,"-") -> 2643228.5 | AO55: =IFERROR(K55*$AH$4/Z55,"-") -> 2607592.7 | ... AV55: =IFERROR(R55*$AH$4/AG55,"-") -> 3324157.2
B56: =C36 -> 0 Hele landet | C56: Vannforsyning, avløp og renovasjon | D56: =_xlfn.XLOOKUP($C56,$C$188:$C$214,D$188:D$214,"-") -> 12434 | E56: =_xlfn.XLOOKUP($C56,$C$188:$C$214,E$188:E$214,"-") -> 12381 | F56: =_xlfn.XLOOKUP($C56,$C$188:$C$214,F$188:F$214,"-") -> 13747 | G56: =_xlfn.XLOOKUP($C56,$C$188:$C$214,G$188:G$214,"-") -> 14662 | H56: =_xlfn.XLOOKUP($C56,$C$188:$C$214,H$188:H$214,"-") -> 15573 | I56: =_xlfn.XLOOKUP($C56,$C$188:$C$214,I$188:I$214,"-") -> 15746 | J56: =_xlfn.XLOOKUP($C56,$C$188:$C$214,J$188:J$214,"-") -> 16732 | K56: =_xlfn.XLOOKUP($C56,$C$188:$C$214,K$188:K$214,"-") -> 18084 | ... AG56: =_xlfn.XLOOKUP($C56,$C$188:$C$214,AG$188:AG$214,"-") -> 14641 | AH56: =IFERROR(D56*$AH$4/S56,"-") -> 1872026.5 | AI56: =IFERROR(E56*$AH$4/T56,"-") -> 1945168.9 | AJ56: =IFERROR(F56*$AH$4/U56,"-") -> 2023105.2 | AK56: =IFERROR(G56*$AH$4/V56,"-") -> 2020115.7 | AL56: =IFERROR(H56*$AH$4/W56,"-") -> 2038350.8 | AM56: =IFERROR(I56*$AH$4/X56,"-") -> 1916971 | AN56: =IFERROR(J56*$AH$4/Y56,"-") -> 1903093.7 | AO56: =IFERROR(K56*$AH$4/Z56,"-") -> 1941384.9 | ... AV56: =IFERROR(R56*$AH$4/AG56,"-") -> 2038317.1
B57: =C36 -> 0 Hele landet | C57: Jordbruk og skogbruk | D57: =_xlfn.XLOOKUP($C57,$C$188:$C$214,D$188:D$214,"-") -> 16877 | E57: =_xlfn.XLOOKUP($C57,$C$188:$C$214,E$188:E$214,"-") -> 16181 | F57: =_xlfn.XLOOKUP($C57,$C$188:$C$214,F$188:F$214,"-") -> 17753 | G57: =_xlfn.XLOOKUP($C57,$C$188:$C$214,G$188:G$214,"-") -> 16949 | H57: =_xlfn.XLOOKUP($C57,$C$188:$C$214,H$188:H$214,"-") -> 17060 | I57: =_xlfn.XLOOKUP($C57,$C$188:$C$214,I$188:I$214,"-") -> 16390 | J57: =_xlfn.XLOOKUP($C57,$C$188:$C$214,J$188:J$214,"-") -> 17816 | K57: =_xlfn.XLOOKUP($C57,$C$188:$C$214,K$188:K$214,"-") -> 19897 | ... AG57: =_xlfn.XLOOKUP($C57,$C$188:$C$214,AG$188:AG$214,"-") -> 8650 | AH57: =IFERROR(D57*$AH$4/S57,"-") -> 3325517.2 | AI57: =IFERROR(E57*$AH$4/T57,"-") -> 3215620 | AJ57: =IFERROR(F57*$AH$4/U57,"-") -> 3320800.6 | AK57: =IFERROR(G57*$AH$4/V57,"-") -> 2992936.6 | AL57: =IFERROR(H57*$AH$4/W57,"-") -> 2886144.5 | AM57: =IFERROR(I57*$AH$4/X57,"-") -> 2679418 | AN57: =IFERROR(J57*$AH$4/Y57,"-") -> 2811425 | AO57: =IFERROR(K57*$AH$4/Z57,"-") -> 3020646.7 | ... AV57: =IFERROR(R57*$AH$4/AG57,"-") -> 3057225.4
B58: =C36 -> 0 Hele landet | C58: Rørtransport | D58: =_xlfn.XLOOKUP($C58,$C$188:$C$214,D$188:D$214,"-") -> 19184 | E58: =_xlfn.XLOOKUP($C58,$C$188:$C$214,E$188:E$214,"-") -> 18335 | F58: =_xlfn.XLOOKUP($C58,$C$188:$C$214,F$188:F$214,"-") -> 18382 | G58: =_xlfn.XLOOKUP($C58,$C$188:$C$214,G$188:G$214,"-") -> 15694 | H58: =_xlfn.XLOOKUP($C58,$C$188:$C$214,H$188:H$214,"-") -> 16195 | I58: =_xlfn.XLOOKUP($C58,$C$188:$C$214,I$188:I$214,"-") -> 17267 | J58: =_xlfn.XLOOKUP($C58,$C$188:$C$214,J$188:J$214,"-") -> 17347 | K58: =_xlfn.XLOOKUP($C58,$C$188:$C$214,K$188:K$214,"-") -> 16951 | ... AG58: =_xlfn.XLOOKUP($C58,$C$188:$C$214,AG$188:AG$214,"-") -> 506 | AH58: =IFERROR(D58*$AH$4/S58,"-") -> 84884956 | AI58: =IFERROR(E58*$AH$4/T58,"-") -> 73047809 | AJ58: =IFERROR(F58*$AH$4/U58,"-") -> 70700000 | AK58: =IFERROR(G58*$AH$4/V58,"-") -> 64584362 | AL58: =IFERROR(H58*$AH$4/W58,"-") -> 54345638 | AM58: =IFERROR(I58*$AH$4/X58,"-") -> 45083551 | AN58: =IFERROR(J58*$AH$4/Y58,"-") -> 43367500 | AO58: =IFERROR(K58*$AH$4/Z58,"-") -> 42590452 | ... AV58: =IFERROR(R58*$AH$4/AG58,"-") -> 32166008
B59: =C36 -> 0 Hele landet | C59: Post og distribusjonsvirksomhet | D59: =_xlfn.XLOOKUP($C59,$C$188:$C$214,D$188:D$214,"-") -> 9183 | E59: =_xlfn.XLOOKUP($C59,$C$188:$C$214,E$188:E$214,"-") -> 10893 | F59: =_xlfn.XLOOKUP($C59,$C$188:$C$214,F$188:F$214,"-") -> 11111 | G59: =_xlfn.XLOOKUP($C59,$C$188:$C$214,G$188:G$214,"-") -> 11199 | H59: =_xlfn.XLOOKUP($C59,$C$188:$C$214,H$188:H$214,"-") -> 9670 | I59: =_xlfn.XLOOKUP($C59,$C$188:$C$214,I$188:I$214,"-") -> 10330 | J59: =_xlfn.XLOOKUP($C59,$C$188:$C$214,J$188:J$214,"-") -> 10245 | K59: =_xlfn.XLOOKUP($C59,$C$188:$C$214,K$188:K$214,"-") -> 10519 | ... AG59: =_xlfn.XLOOKUP($C59,$C$188:$C$214,AG$188:AG$214,"-") -> 9055 | AH59: =IFERROR(D59*$AH$4/S59,"-") -> 1134684.3 | AI59: =IFERROR(E59*$AH$4/T59,"-") -> 1409914.6 | AJ59: =IFERROR(F59*$AH$4/U59,"-") -> 1507598.4 | AK59: =IFERROR(G59*$AH$4/V59,"-") -> 1475105.4 | AL59: =IFERROR(H59*$AH$4/W59,"-") -> 1208901.1 | AM59: =IFERROR(I59*$AH$4/X59,"-") -> 1274679.2 | AN59: =IFERROR(J59*$AH$4/Y59,"-") -> 1231666.3 | AO59: =IFERROR(K59*$AH$4/Z59,"-") -> 1250772.9 | ... AV59: =IFERROR(R59*$AH$4/AG59,"-") -> 1025179.5
B60: =C36 -> 0 Hele landet | C60: Bergverksdrift | D60: =_xlfn.XLOOKUP($C60,$C$188:$C$214,D$188:D$214,"-") -> 5576 | E60: =_xlfn.XLOOKUP($C60,$C$188:$C$214,E$188:E$214,"-") -> 4207 | F60: =_xlfn.XLOOKUP($C60,$C$188:$C$214,F$188:F$214,"-") -> 4528 | G60: =_xlfn.XLOOKUP($C60,$C$188:$C$214,G$188:G$214,"-") -> 5177 | H60: =_xlfn.XLOOKUP($C60,$C$188:$C$214,H$188:H$214,"-") -> 5304 | I60: =_xlfn.XLOOKUP($C60,$C$188:$C$214,I$188:I$214,"-") -> 5496 | J60: =_xlfn.XLOOKUP($C60,$C$188:$C$214,J$188:J$214,"-") -> 4940 | K60: =_xlfn.XLOOKUP($C60,$C$188:$C$214,K$188:K$214,"-") -> 5519 | ... AG60: =_xlfn.XLOOKUP($C60,$C$188:$C$214,AG$188:AG$214,"-") -> 3581 | AH60: =IFERROR(D60*$AH$4/S60,"-") -> 2168805.9 | AI60: =IFERROR(E60*$AH$4/T60,"-") -> 1756576.2 | AJ60: =IFERROR(F60*$AH$4/U60,"-") -> 1864141.6 | AK60: =IFERROR(G60*$AH$4/V60,"-") -> 1908219.7 | AL60: =IFERROR(H60*$AH$4/W60,"-") -> 1772135 | AM60: =IFERROR(I60*$AH$4/X60,"-") -> 1819867.5 | AN60: =IFERROR(J60*$AH$4/Y60,"-") -> 1612271.5 | AO60: =IFERROR(K60*$AH$4/Z60,"-") -> 1817253.9 | ... AV60: =IFERROR(R60*$AH$4/AG60,"-") -> 1895559.9
B61: =C36 -> 0 Hele landet | C61: Fastlands-Norge | D61: =_xlfn.XLOOKUP($C61,$C$188:$C$214,D$188:D$214,"-") -> 0 | E61: =_xlfn.XLOOKUP($C61,$C$188:$C$214,E$188:E$214,"-") -> 0 | F61: =_xlfn.XLOOKUP($C61,$C$188:$C$214,F$188:F$214,"-") -> 0 | G61: =_xlfn.XLOOKUP($C61,$C$188:$C$214,G$188:G$214,"-") -> 0 | H61: =_xlfn.XLOOKUP($C61,$C$188:$C$214,H$188:H$214,"-") -> 0 | I61: =_xlfn.XLOOKUP($C61,$C$188:$C$214,I$188:I$214,"-") -> 0 | J61: =_xlfn.XLOOKUP($C61,$C$188:$C$214,J$188:J$214,"-") -> 0 | K61: =_xlfn.XLOOKUP($C61,$C$188:$C$214,K$188:K$214,"-") -> 0 | ... AG61: =_xlfn.XLOOKUP($C61,$C$188:$C$214,AG$188:AG$214,"-") -> 0 | AH61: =IFERROR(D61*$AH$4/S61,"-") -> - | AI61: =IFERROR(E61*$AH$4/T61,"-") -> - | AJ61: =IFERROR(F61*$AH$4/U61,"-") -> - | AK61: =IFERROR(G61*$AH$4/V61,"-") -> - | AL61: =IFERROR(H61*$AH$4/W61,"-") -> - | AM61: =IFERROR(I61*$AH$4/X61,"-") -> - | AN61: =IFERROR(J61*$AH$4/Y61,"-") -> - | AO61: =IFERROR(K61*$AH$4/Z61,"-") -> - | ... AV61: =IFERROR(R61*$AH$4/AG61,"-") -> -
B62: =C36 -> 0 Hele landet | C62: Totalt for næringer | D62: =_xlfn.XLOOKUP($C62,$C$188:$C$214,D$188:D$214,"-") -> 2361687 | E62: =_xlfn.XLOOKUP($C62,$C$188:$C$214,E$188:E$214,"-") -> 2178622 | F62: =_xlfn.XLOOKUP($C62,$C$188:$C$214,F$188:F$214,"-") -> 2321905 | G62: =_xlfn.XLOOKUP($C62,$C$188:$C$214,G$188:G$214,"-") -> 2515074 | H62: =_xlfn.XLOOKUP($C62,$C$188:$C$214,H$188:H$214,"-") -> 2674361 | I62: =_xlfn.XLOOKUP($C62,$C$188:$C$214,I$188:I$214,"-") -> 2768461 | J62: =_xlfn.XLOOKUP($C62,$C$188:$C$214,J$188:J$214,"-") -> 2829537 | K62: =_xlfn.XLOOKUP($C62,$C$188:$C$214,K$188:K$214,"-") -> 2787861 | ... AG62: =_xlfn.XLOOKUP($C62,$C$188:$C$214,AG$188:AG$214,"-") -> 1999236 | AH62: =IFERROR(D62*$AH$4/S62,"-") -> 2179677.4 | AI62: =IFERROR(E62*$AH$4/T62,"-") -> 1953251.9 | AJ62: =IFERROR(F62*$AH$4/U62,"-") -> 2018203.7 | AK62: =IFERROR(G62*$AH$4/V62,"-") -> 2054869.5 | AL62: =IFERROR(H62*$AH$4/W62,"-") -> 2045932.4 | AM62: =IFERROR(I62*$AH$4/X62,"-") -> 2001765 | AN62: =IFERROR(J62*$AH$4/Y62,"-") -> 1961905.8 | AO62: =IFERROR(K62*$AH$4/Z62,"-") -> 1876278.6 | ... AV62: =IFERROR(R62*$AH$4/AG62,"-") -> 2654965.2
B64: =C64 -> 38 Vestfold og Telemark (2020-2023) | C64: 38 Vestfold og Telemark (2020-2023)
B65: =C64 -> 38 Vestfold og Telemark (2020-2023) | C65: Utvinning av råolje og naturgass, inkl. tjenester | D65: =SUM(D93,D9) -> 88 | E65: =SUM(E93,E9) -> 74 | F65: =SUM(F93,F9) -> 92 | G65: =SUM(G93,G9) -> 104 | H65: =SUM(H93,H9) -> 277 | I65: =SUM(I93,I9) -> 104 | J65: =SUM(J93,J9) -> 116 | K65: =SUM(K93,K9) -> 67 | ... O65: =SUM(O93,O9) -> 0 | P65: =_xlfn.XLOOKUP($C65,$C$215:$C$241,P$215:P$241,"-") -> 0 | Q65: =_xlfn.XLOOKUP($C65,$C$215:$C$241,Q$215:Q$241,"-") -> 0 | R65: =_xlfn.XLOOKUP($C65,$C$215:$C$241,R$215:R$241,"-") -> 0 | S65: =SUM(S93,S9) -> 110 | T65: =SUM(T93,T9) -> 93 | U65: =SUM(U93,U9) -> 109 | V65: =SUM(V93,V9) -> 75 | W65: =SUM(W93,W9) -> 83 | X65: =SUM(X93,X9) -> 73 | Y65: =SUM(Y93,Y9) -> 74 | Z65: =SUM(Z93,Z9) -> 65 | ... AD65: =SUM(AD93,AD9) -> 0 | AE65: =_xlfn.XLOOKUP($C65,$C$215:$C$241,AE$215:AE$241,"-") -> 0 | AF65: =_xlfn.XLOOKUP($C65,$C$215:$C$241,AF$215:AF$241,"-") -> 0 | AG65: =_xlfn.XLOOKUP($C65,$C$215:$C$241,AG$215:AG$241,"-") -> 0
B66: =C64 -> 38 Vestfold og Telemark (2020-2023) | C66: Helse- og omsorgstjenester | D66: =SUM(D94,D10) -> 15554 | E66: =SUM(E94,E10) -> 16464 | F66: =SUM(F94,F10) -> 17230 | G66: =SUM(G94,G10) -> 18691 | H66: =SUM(H94,H10) -> 20052 | I66: =SUM(I94,I10) -> 20909 | J66: =SUM(J94,J10) -> 22177 | K66: =SUM(K94,K10) -> 23257 | ... O66: =SUM(O94,O10) -> 27404 | P66: =_xlfn.XLOOKUP($C66,$C$215:$C$241,P$215:P$241,"-") -> 27313 | Q66: =_xlfn.XLOOKUP($C66,$C$215:$C$241,Q$215:Q$241,"-") -> 28967 | R66: =_xlfn.XLOOKUP($C66,$C$215:$C$241,R$215:R$241,"-") -> 31227 | S66: =SUM(S94,S10) -> 13962 | T66: =SUM(T94,T10) -> 14874 | U66: =SUM(U94,U10) -> 15418 | V66: =SUM(V94,V10) -> 16714 | W66: =SUM(W94,W10) -> 17947 | X66: =SUM(X94,X10) -> 18750 | Y66: =SUM(Y94,Y10) -> 19841 | Z66: =SUM(Z94,Z10) -> 20852 | ... AD66: =SUM(AD94,AD10) -> 24740 | AE66: =_xlfn.XLOOKUP($C66,$C$215:$C$241,AE$215:AE$241,"-") -> 24700 | AF66: =_xlfn.XLOOKUP($C66,$C$215:$C$241,AF$215:AF$241,"-") -> 25973 | AG66: =_xlfn.XLOOKUP($C66,$C$215:$C$241,AG$215:AG$241,"-") -> 28091
B67: =C64 -> 38 Vestfold og Telemark (2020-2023) | C67: Varehandel og reparasjon av motorvogner | D67: =SUM(D95,D11) -> 11644 | E67: =SUM(E95,E11) -> 10927 | F67: =SUM(F95,F11) -> 11398 | G67: =SUM(G95,G11) -> 11491 | H67: =SUM(H95,H11) -> 12616 | I67: =SUM(I95,I11) -> 12253 | J67: =SUM(J95,J11) -> 13053 | K67: =SUM(K95,K11) -> 15497 | ... O67: =SUM(O95,O11) -> 18671 | P67: =_xlfn.XLOOKUP($C67,$C$215:$C$241,P$215:P$241,"-") -> 20751 | Q67: =_xlfn.XLOOKUP($C67,$C$215:$C$241,Q$215:Q$241,"-") -> 22992 | R67: =_xlfn.XLOOKUP($C67,$C$215:$C$241,R$215:R$241,"-") -> 22390 | S67: =SUM(S95,S11) -> 9268 | T67: =SUM(T95,T11) -> 9127 | U67: =SUM(U95,U11) -> 9370 | V67: =SUM(V95,V11) -> 9609 | W67: =SUM(W95,W11) -> 10111 | X67: =SUM(X95,X11) -> 10699 | Y67: =SUM(Y95,Y11) -> 10746 | Z67: =SUM(Z95,Z11) -> 11214 | ... AD67: =SUM(AD95,AD11) -> 12693 | AE67: =_xlfn.XLOOKUP($C67,$C$215:$C$241,AE$215:AE$241,"-") -> 12786 | AF67: =_xlfn.XLOOKUP($C67,$C$215:$C$241,AF$215:AF$241,"-") -> 14146 | AG67: =_xlfn.XLOOKUP($C67,$C$215:$C$241,AG$215:AG$241,"-") -> 14826
B68: =C64 -> 38 Vestfold og Telemark (2020-2023) | C68: Industri | D68: =SUM(D96,D12) -> 23503 | E68: =SUM(E96,E12) -> 21000 | F68: =SUM(F96,F12) -> 20859 | G68: =SUM(G96,G12) -> 19755 | H68: =SUM(H96,H12) -> 19735 | I68: =SUM(I96,I12) -> 21045 | J68: =SUM(J96,J12) -> 19551 | K68: =SUM(K96,K12) -> 22316 | ... O68: =SUM(O96,O12) -> 22798 | P68: =_xlfn.XLOOKUP($C68,$C$215:$C$241,P$215:P$241,"-") -> 22488 | Q68: =_xlfn.XLOOKUP($C68,$C$215:$C$241,Q$215:Q$241,"-") -> 24618 | R68: =_xlfn.XLOOKUP($C68,$C$215:$C$241,R$215:R$241,"-") -> 25796 | S68: =SUM(S96,S12) -> 12633 | T68: =SUM(T96,T12) -> 12288 | U68: =SUM(U96,U12) -> 11588 | V68: =SUM(V96,V12) -> 12289 | W68: =SUM(W96,W12) -> 12480 | X68: =SUM(X96,X12) -> 13051 | Y68: =SUM(Y96,Y12) -> 13445 | Z68: =SUM(Z96,Z12) -> 13292 | ... AD68: =SUM(AD96,AD12) -> 15405 | AE68: =_xlfn.XLOOKUP($C68,$C$215:$C$241,AE$215:AE$241,"-") -> 14253 | AF68: =_xlfn.XLOOKUP($C68,$C$215:$C$241,AF$215:AF$241,"-") -> 15313 | AG68: =_xlfn.XLOOKUP($C68,$C$215:$C$241,AG$215:AG$241,"-") -> 16303
B69: =C64 -> 38 Vestfold og Telemark (2020-2023) | C69: Offentlig administrasjon og forsvar | D69: =SUM(D97,D13) -> 6674 | E69: =SUM(E97,E13) -> 7458 | F69: =SUM(F97,F13) -> 8085 | G69: =SUM(G97,G13) -> 8295 | H69: =SUM(H97,H13) -> 8764 | I69: =SUM(I97,I13) -> 9236 | J69: =SUM(J97,J13) -> 10373 | K69: =SUM(K97,K13) -> 10634 | ... O69: =SUM(O97,O13) -> 12111 | P69: =_xlfn.XLOOKUP($C69,$C$215:$C$241,P$215:P$241,"-") -> 12830 | Q69: =_xlfn.XLOOKUP($C69,$C$215:$C$241,Q$215:Q$241,"-") -> 13485 | R69: =_xlfn.XLOOKUP($C69,$C$215:$C$241,R$215:R$241,"-") -> 14043 | S69: =SUM(S97,S13) -> 4951 | T69: =SUM(T97,T13) -> 5570 | U69: =SUM(U97,U13) -> 5876 | V69: =SUM(V97,V13) -> 6000 | W69: =SUM(W97,W13) -> 6275 | X69: =SUM(X97,X13) -> 6623 | Y69: =SUM(Y97,Y13) -> 7431 | Z69: =SUM(Z97,Z13) -> 7509 | ... AD69: =SUM(AD97,AD13) -> 8524 | AE69: =_xlfn.XLOOKUP($C69,$C$215:$C$241,AE$215:AE$241,"-") -> 8986 | AF69: =_xlfn.XLOOKUP($C69,$C$215:$C$241,AF$215:AF$241,"-") -> 9317 | AG69: =_xlfn.XLOOKUP($C69,$C$215:$C$241,AG$215:AG$241,"-") -> 9557
B70: =C64 -> 38 Vestfold og Telemark (2020-2023) | C70: Bygge- og anleggsvirksomhet | D70: =SUM(D98,D14) -> 9819 | E70: =SUM(E98,E14) -> 9022 | F70: =SUM(F98,F14) -> 9312 | G70: =SUM(G98,G14) -> 9488 | H70: =SUM(H98,H14) -> 11067 | I70: =SUM(I98,I14) -> 11144 | J70: =SUM(J98,J14) -> 11882 | K70: =SUM(K98,K14) -> 12659 | ... O70: =SUM(O98,O14) -> 16371 | P70: =_xlfn.XLOOKUP($C70,$C$215:$C$241,P$215:P$241,"-") -> 16298 | Q70: =_xlfn.XLOOKUP($C70,$C$215:$C$241,Q$215:Q$241,"-") -> 17305 | R70: =_xlfn.XLOOKUP($C70,$C$215:$C$241,R$215:R$241,"-") -> 18674 | S70: =SUM(S98,S14) -> 6298 | T70: =SUM(T98,T14) -> 5793 | U70: =SUM(U98,U14) -> 5978 | V70: =SUM(V98,V14) -> 6479 | W70: =SUM(W98,W14) -> 7135 | X70: =SUM(X98,X14) -> 7531 | Y70: =SUM(Y98,Y14) -> 7834 | Z70: =SUM(Z98,Z14) -> 8151 | ... AD70: =SUM(AD98,AD14) -> 11026 | AE70: =_xlfn.XLOOKUP($C70,$C$215:$C$241,AE$215:AE$241,"-") -> 11097 | AF70: =_xlfn.XLOOKUP($C70,$C$215:$C$241,AF$215:AF$241,"-") -> 11704 | AG70: =_xlfn.XLOOKUP($C70,$C$215:$C$241,AG$215:AG$241,"-") -> 12636
B71: =C64 -> 38 Vestfold og Telemark (2020-2023) | C71: Undervisning | D71: =SUM(D99,D15) -> 6777 | E71: =SUM(E99,E15) -> 7196 | F71: =SUM(F99,F15) -> 7581 | G71: =SUM(G99,G15) -> 8027 | H71: =SUM(H99,H15) -> 8574 | I71: =SUM(I99,I15) -> 9079 | J71: =SUM(J99,J15) -> 9337 | K71: =SUM(K99,K15) -> 9652 | ... O71: =SUM(O99,O15) -> 11726 | P71: =_xlfn.XLOOKUP($C71,$C$215:$C$241,P$215:P$241,"-") -> 11430 | Q71: =_xlfn.XLOOKUP($C71,$C$215:$C$241,Q$215:Q$241,"-") -> 12107 | R71: =_xlfn.XLOOKUP($C71,$C$215:$C$241,R$215:R$241,"-") -> 13330 | S71: =SUM(S99,S15) -> 5870 | T71: =SUM(T99,T15) -> 6264 | U71: =SUM(U99,U15) -> 6479 | V71: =SUM(V99,V15) -> 6822 | W71: =SUM(W99,W15) -> 7170 | X71: =SUM(X99,X15) -> 7591 | Y71: =SUM(Y99,Y15) -> 7758 | Z71: =SUM(Z99,Z15) -> 8211 | ... AD71: =SUM(AD99,AD15) -> 9687 | AE71: =_xlfn.XLOOKUP($C71,$C$215:$C$241,AE$215:AE$241,"-") -> 9454 | AF71: =_xlfn.XLOOKUP($C71,$C$215:$C$241,AF$215:AF$241,"-") -> 9918 | AG71: =_xlfn.XLOOKUP($C71,$C$215:$C$241,AG$215:AG$241,"-") -> 10792
B72: =C64 -> 38 Vestfold og Telemark (2020-2023) | C72: Faglig, vitenskapelig og teknisk tjenesteyting | D72: =SUM(D100,D16) -> 4704 | E72: =SUM(E100,E16) -> 4738 | F72: =SUM(F100,F16) -> 4501 | G72: =SUM(G100,G16) -> 4816 | H72: =SUM(H100,H16) -> 5448 | I72: =SUM(I100,I16) -> 5991 | J72: =SUM(J100,J16) -> 6105 | K72: =SUM(K100,K16) -> 5781 | ... O72: =SUM(O100,O16) -> 8057 | P72: =_xlfn.XLOOKUP($C72,$C$215:$C$241,P$215:P$241,"-") -> 7800 | Q72: =_xlfn.XLOOKUP($C72,$C$215:$C$241,Q$215:Q$241,"-") -> 9750 | R72: =_xlfn.XLOOKUP($C72,$C$215:$C$241,R$215:R$241,"-") -> 11377 | S72: =SUM(S100,S16) -> 3204 | T72: =SUM(T100,T16) -> 3293 | U72: =SUM(U100,U16) -> 3334 | V72: =SUM(V100,V16) -> 3583 | W72: =SUM(W100,W16) -> 3921 | X72: =SUM(X100,X16) -> 4139 | Y72: =SUM(Y100,Y16) -> 4267 | Z72: =SUM(Z100,Z16) -> 4406 | ... AD72: =SUM(AD100,AD16) -> 5199 | AE72: =_xlfn.XLOOKUP($C72,$C$215:$C$241,AE$215:AE$241,"-") -> 5187 | AF72: =_xlfn.XLOOKUP($C72,$C$215:$C$241,AF$215:AF$241,"-") -> 5574 | AG72: =_xlfn.XLOOKUP($C72,$C$215:$C$241,AG$215:AG$241,"-") -> 6157
B73: =C64 -> 38 Vestfold og Telemark (2020-2023) | C73: Finansierings- og forsikringsvirksomhet | D73: =SUM(D101,D17) -> 3833 | E73: =SUM(E101,E17) -> 4431 | F73: =SUM(F101,F17) -> 3298 | G73: =SUM(G101,G17) -> 2967 | H73: =SUM(H101,H17) -> 3580 | I73: =SUM(I101,I17) -> 4281 | J73: =SUM(J101,J17) -> 4268 | K73: =SUM(K101,K17) -> 4236 | ... O73: =SUM(O101,O17) -> 3583 | P73: =_xlfn.XLOOKUP($C73,$C$215:$C$241,P$215:P$241,"-") -> 4140 | Q73: =_xlfn.XLOOKUP($C73,$C$215:$C$241,Q$215:Q$241,"-") -> 4202 | R73: =_xlfn.XLOOKUP($C73,$C$215:$C$241,R$215:R$241,"-") -> 4159 | S73: =SUM(S101,S17) -> 1607 | T73: =SUM(T101,T17) -> 1676 | U73: =SUM(U101,U17) -> 1257 | V73: =SUM(V101,V17) -> 1205 | W73: =SUM(W101,W17) -> 1251 | X73: =SUM(X101,X17) -> 1274 | Y73: =SUM(Y101,Y17) -> 1284 | Z73: =SUM(Z101,Z17) -> 1285 | ... AD73: =SUM(AD101,AD17) -> 1065 | AE73: =_xlfn.XLOOKUP($C73,$C$215:$C$241,AE$215:AE$241,"-") -> 1073 | AF73: =_xlfn.XLOOKUP($C73,$C$215:$C$241,AF$215:AF$241,"-") -> 1127 | AG73: =_xlfn.XLOOKUP($C73,$C$215:$C$241,AG$215:AG$241,"-") -> 1162
B74: =C64 -> 38 Vestfold og Telemark (2020-2023) | C74: Boligtjenester, egen bolig | D74: =SUM(D102,D18) -> 7396 | E74: =SUM(E102,E18) -> 7054 | F74: =SUM(F102,F18) -> 7571 | G74: =SUM(G102,G18) -> 7845 | H74: =SUM(H102,H18) -> 7195 | I74: =SUM(I102,I18) -> 7403 | J74: =SUM(J102,J18) -> 8049 | K74: =SUM(K102,K18) -> 8841 | ... O74: =SUM(O102,O18) -> 11341 | P74: =_xlfn.XLOOKUP($C74,$C$215:$C$241,P$215:P$241,"-") -> 10673 | Q74: =_xlfn.XLOOKUP($C74,$C$215:$C$241,Q$215:Q$241,"-") -> 11525 | R74: =_xlfn.XLOOKUP($C74,$C$215:$C$241,R$215:R$241,"-") -> 14111 | S74: =SUM(S102,S18) -> 0 | T74: =SUM(T102,T18) -> 0 | U74: =SUM(U102,U18) -> 0 | V74: =SUM(V102,V18) -> 0 | W74: =SUM(W102,W18) -> 0 | X74: =SUM(X102,X18) -> 0 | Y74: =SUM(Y102,Y18) -> 0 | Z74: =SUM(Z102,Z18) -> 0 | ... AD74: =SUM(AD102,AD18) -> 0 | AE74: =_xlfn.XLOOKUP($C74,$C$215:$C$241,AE$215:AE$241,"-") -> 0 | AF74: =_xlfn.XLOOKUP($C74,$C$215:$C$241,AF$215:AF$241,"-") -> 0 | AG74: =_xlfn.XLOOKUP($C74,$C$215:$C$241,AG$215:AG$241,"-") -> 0
B75: =C64 -> 38 Vestfold og Telemark (2020-2023) | C75: Informasjon og kommunikasjon | D75: =SUM(D103,D19) -> 2793 | E75: =SUM(E103,E19) -> 2733 | F75: =SUM(F103,F19) -> 2969 | G75: =SUM(G103,G19) -> 3316 | H75: =SUM(H103,H19) -> 3637 | I75: =SUM(I103,I19) -> 3772 | J75: =SUM(J103,J19) -> 3693 | K75: =SUM(K103,K19) -> 3779 | ... O75: =SUM(O103,O19) -> 4757 | P75: =_xlfn.XLOOKUP($C75,$C$215:$C$241,P$215:P$241,"-") -> 0 | Q75: =_xlfn.XLOOKUP($C75,$C$215:$C$241,Q$215:Q$241,"-") -> 0 | R75: =_xlfn.XLOOKUP($C75,$C$215:$C$241,R$215:R$241,"-") -> 0 | S75: =SUM(S103,S19) -> 1854 | T75: =SUM(T103,T19) -> 1869 | U75: =SUM(U103,U19) -> 1977 | V75: =SUM(V103,V19) -> 2064 | W75: =SUM(W103,W19) -> 2258 | X75: =SUM(X103,X19) -> 2322 | Y75: =SUM(Y103,Y19) -> 2343 | Z75: =SUM(Z103,Z19) -> 2358 | ... AD75: =SUM(AD103,AD19) -> 2973 | AE75: =_xlfn.XLOOKUP($C75,$C$215:$C$241,AE$215:AE$241,"-") -> 0 | AF75: =_xlfn.XLOOKUP($C75,$C$215:$C$241,AF$215:AF$241,"-") -> 0 | AG75: =_xlfn.XLOOKUP($C75,$C$215:$C$241,AG$215:AG$241,"-") -> 0
B76: =C64 -> 38 Vestfold og Telemark (2020-2023) | C76: Forretningsmessig tjenesteyting | D76: =SUM(D104,D20) -> 3001 | E76: =SUM(E104,E20) -> 2877 | F76: =SUM(F104,F20) -> 2754 | G76: =SUM(G104,G20) -> 3100 | H76: =SUM(H104,H20) -> 3299 | I76: =SUM(I104,I20) -> 3645 | J76: =SUM(J104,J20) -> 3817 | K76: =SUM(K104,K20) -> 3776 | ... O76: =SUM(O104,O20) -> 4793 | P76: =_xlfn.XLOOKUP($C76,$C$215:$C$241,P$215:P$241,"-") -> 4391 | Q76: =_xlfn.XLOOKUP($C76,$C$215:$C$241,Q$215:Q$241,"-") -> 4548 | R76: =_xlfn.XLOOKUP($C76,$C$215:$C$241,R$215:R$241,"-") -> 5019 | S76: =SUM(S104,S20) -> 2635 | T76: =SUM(T104,T20) -> 2408 | U76: =SUM(U104,U20) -> 2528 | V76: =SUM(V104,V20) -> 2712 | W76: =SUM(W104,W20) -> 2791 | X76: =SUM(X104,X20) -> 2943 | Y76: =SUM(Y104,Y20) -> 2937 | Z76: =SUM(Z104,Z20) -> 2960 | ... AD76: =SUM(AD104,AD20) -> 4099 | AE76: =_xlfn.XLOOKUP($C76,$C$215:$C$241,AE$215:AE$241,"-") -> 3651 | AF76: =_xlfn.XLOOKUP($C76,$C$215:$C$241,AF$215:AF$241,"-") -> 3917 | AG76: =_xlfn.XLOOKUP($C76,$C$215:$C$241,AG$215:AG$241,"-") -> 4357
B77: =C64 -> 38 Vestfold og Telemark (2020-2023) | C77: Transport utenom utenriks sjøfart | D77: =SUM(D105,D21) -> 3321 | E77: =SUM(E105,E21) -> 3148 | F77: =SUM(F105,F21) -> 3432 | G77: =SUM(G105,G21) -> 3776 | H77: =SUM(H105,H21) -> 4083 | I77: =SUM(I105,I21) -> 3775 | J77: =SUM(J105,J21) -> 3486 | K77: =SUM(K105,K21) -> 4324 | ... O77: =SUM(O105,O21) -> 2574 | P77: =_xlfn.XLOOKUP($C77,$C$215:$C$241,P$215:P$241,"-") -> 3860 | Q77: =_xlfn.XLOOKUP($C77,$C$215:$C$241,Q$215:Q$241,"-") -> 3952 | R77: =_xlfn.XLOOKUP($C77,$C$215:$C$241,R$215:R$241,"-") -> 4510 | S77: =SUM(S105,S21) -> 2499 | T77: =SUM(T105,T21) -> 2422 | U77: =SUM(U105,U21) -> 2438 | V77: =SUM(V105,V21) -> 2371 | W77: =SUM(W105,W21) -> 2519 | X77: =SUM(X105,X21) -> 2729 | Y77: =SUM(Y105,Y21) -> 2833 | Z77: =SUM(Z105,Z21) -> 2737 | ... AD77: =SUM(AD105,AD21) -> 2119 | AE77: =_xlfn.XLOOKUP($C77,$C$215:$C$241,AE$215:AE$241,"-") -> 3390 | AF77: =_xlfn.XLOOKUP($C77,$C$215:$C$241,AF$215:AF$241,"-") -> 3570 | AG77: =_xlfn.XLOOKUP($C77,$C$215:$C$241,AG$215:AG$241,"-") -> 3965
B78: =C64 -> 38 Vestfold og Telemark (2020-2023) | C78: Omsetning og drift av fast eiendom | D78: =SUM(D106,D22) -> 2439 | E78: =SUM(E106,E22) -> 2545 | F78: =SUM(F106,F22) -> 2685 | G78: =SUM(G106,G22) -> 2719 | H78: =SUM(H106,H22) -> 3039 | I78: =SUM(I106,I22) -> 3049 | J78: =SUM(J106,J22) -> 3171 | K78: =SUM(K106,K22) -> 3352 | ... O78: =SUM(O106,O22) -> 3875 | P78: =_xlfn.XLOOKUP($C78,$C$215:$C$241,P$215:P$241,"-") -> 3720 | Q78: =_xlfn.XLOOKUP($C78,$C$215:$C$241,Q$215:Q$241,"-") -> 3951 | R78: =_xlfn.XLOOKUP($C78,$C$215:$C$241,R$215:R$241,"-") -> 4288 | S78: =SUM(S106,S22) -> 721 | T78: =SUM(T106,T22) -> 705 | U78: =SUM(U106,U22) -> 683 | V78: =SUM(V106,V22) -> 692 | W78: =SUM(W106,W22) -> 803 | X78: =SUM(X106,X22) -> 840 | Y78: =SUM(Y106,Y22) -> 864 | Z78: =SUM(Z106,Z22) -> 904 | ... AD78: =SUM(AD106,AD22) -> 1232 | AE78: =_xlfn.XLOOKUP($C78,$C$215:$C$241,AE$215:AE$241,"-") -> 1283 | AF78: =_xlfn.XLOOKUP($C78,$C$215:$C$241,AF$215:AF$241,"-") -> 1353 | AG78: =_xlfn.XLOOKUP($C78,$C$215:$C$241,AG$215:AG$241,"-") -> 1477
B79: =C64 -> 38 Vestfold og Telemark (2020-2023) | C79: Elektrisitets-, gass- og varmtvannsforsyning | D79: =SUM(D107,D23) -> 5370 | E79: =SUM(E107,E23) -> 4013 | F79: =SUM(F107,F23) -> 4905 | G79: =SUM(G107,G23) -> 4535 | H79: =SUM(H107,H23) -> 4236 | I79: =SUM(I107,I23) -> 4433 | J79: =SUM(J107,J23) -> 4583 | K79: =SUM(K107,K23) -> 4641 | ... O79: =SUM(O107,O23) -> 6298 | P79: =_xlfn.XLOOKUP($C79,$C$215:$C$241,P$215:P$241,"-") -> 0 | Q79: =_xlfn.XLOOKUP($C79,$C$215:$C$241,Q$215:Q$241,"-") -> 0 | R79: =_xlfn.XLOOKUP($C79,$C$215:$C$241,R$215:R$241,"-") -> 0 | S79: =SUM(S107,S23) -> 664 | T79: =SUM(T107,T23) -> 613 | U79: =SUM(U107,U23) -> 535 | V79: =SUM(V107,V23) -> 613 | W79: =SUM(W107,W23) -> 808 | X79: =SUM(X107,X23) -> 831 | Y79: =SUM(Y107,Y23) -> 1015 | Z79: =SUM(Z107,Z23) -> 958 | ... AD79: =SUM(AD107,AD23) -> 1201 | AE79: =_xlfn.XLOOKUP($C79,$C$215:$C$241,AE$215:AE$241,"-") -> 0 | AF79: =_xlfn.XLOOKUP($C79,$C$215:$C$241,AF$215:AF$241,"-") -> 0 | AG79: =_xlfn.XLOOKUP($C79,$C$215:$C$241,AG$215:AG$241,"-") -> 0
B80: =C64 -> 38 Vestfold og Telemark (2020-2023) | C80: Kultur, underholdning og annen tjenesteyting | D80: =SUM(D108,D24) -> 2408 | E80: =SUM(E108,E24) -> 2380 | F80: =SUM(F108,F24) -> 2467 | G80: =SUM(G108,G24) -> 2556 | H80: =SUM(H108,H24) -> 2694 | I80: =SUM(I108,I24) -> 2842 | J80: =SUM(J108,J24) -> 2944 | K80: =SUM(K108,K24) -> 3072 | ... O80: =SUM(O108,O24) -> 3491 | P80: =_xlfn.XLOOKUP($C80,$C$215:$C$241,P$215:P$241,"-") -> 3137 | Q80: =_xlfn.XLOOKUP($C80,$C$215:$C$241,Q$215:Q$241,"-") -> 3416 | R80: =_xlfn.XLOOKUP($C80,$C$215:$C$241,R$215:R$241,"-") -> 3796 | S80: =SUM(S108,S24) -> 1416 | T80: =SUM(T108,T24) -> 1479 | U80: =SUM(U108,U24) -> 1493 | V80: =SUM(V108,V24) -> 1574 | W80: =SUM(W108,W24) -> 1599 | X80: =SUM(X108,X24) -> 1799 | Y80: =SUM(Y108,Y24) -> 1837 | Z80: =SUM(Z108,Z24) -> 1855 | ... AD80: =SUM(AD108,AD24) -> 2077 | AE80: =_xlfn.XLOOKUP($C80,$C$215:$C$241,AE$215:AE$241,"-") -> 2003 | AF80: =_xlfn.XLOOKUP($C80,$C$215:$C$241,AF$215:AF$241,"-") -> 2160 | AG80: =_xlfn.XLOOKUP($C80,$C$215:$C$241,AG$215:AG$241,"-") -> 2425
B81: =C64 -> 38 Vestfold og Telemark (2020-2023) | C81: Overnattings- og serveringsvirksomhet | D81: =SUM(D109,D25) -> 1565 | E81: =SUM(E109,E25) -> 1588 | F81: =SUM(F109,F25) -> 1609 | G81: =SUM(G109,G25) -> 1658 | H81: =SUM(H109,H25) -> 1810 | I81: =SUM(I109,I25) -> 1999 | J81: =SUM(J109,J25) -> 2130 | K81: =SUM(K109,K25) -> 2215 | ... O81: =SUM(O109,O25) -> 2581 | P81: =_xlfn.XLOOKUP($C81,$C$215:$C$241,P$215:P$241,"-") -> 1886 | Q81: =_xlfn.XLOOKUP($C81,$C$215:$C$241,Q$215:Q$241,"-") -> 2485 | R81: =_xlfn.XLOOKUP($C81,$C$215:$C$241,R$215:R$241,"-") -> 3218 | S81: =SUM(S109,S25) -> 1115 | T81: =SUM(T109,T25) -> 1119 | U81: =SUM(U109,U25) -> 1206 | V81: =SUM(V109,V25) -> 1185 | W81: =SUM(W109,W25) -> 1281 | X81: =SUM(X109,X25) -> 1401 | Y81: =SUM(Y109,Y25) -> 1467 | Z81: =SUM(Z109,Z25) -> 1544 | ... AD81: =SUM(AD109,AD25) -> 1941 | AE81: =_xlfn.XLOOKUP($C81,$C$215:$C$241,AE$215:AE$241,"-") -> 1741 | AF81: =_xlfn.XLOOKUP($C81,$C$215:$C$241,AF$215:AF$241,"-") -> 1933 | AG81: =_xlfn.XLOOKUP($C81,$C$215:$C$241,AG$215:AG$241,"-") -> 2386
B82: =C64 -> 38 Vestfold og Telemark (2020-2023) | C82: Fiske, fangst og akvakultur | D82: =SUM(D110,D26) -> 0 | E82: =SUM(E110,E26) -> 0 | F82: =SUM(F110,F26) -> 0 | G82: =SUM(G110,G26) -> 0 | H82: =SUM(H110,H26) -> 0 | I82: =SUM(I110,I26) -> 0 | J82: =SUM(J110,J26) -> 0 | K82: =SUM(K110,K26) -> 0 | ... O82: =SUM(O110,O26) -> 0 | P82: =_xlfn.XLOOKUP($C82,$C$215:$C$241,P$215:P$241,"-") -> 0 | Q82: =_xlfn.XLOOKUP($C82,$C$215:$C$241,Q$215:Q$241,"-") -> 0 | R82: =_xlfn.XLOOKUP($C82,$C$215:$C$241,R$215:R$241,"-") -> 0 | S82: =SUM(S110,S26) -> 0 | T82: =SUM(T110,T26) -> 0 | U82: =SUM(U110,U26) -> 0 | V82: =SUM(V110,V26) -> 0 | W82: =SUM(W110,W26) -> 0 | X82: =SUM(X110,X26) -> 0 | Y82: =SUM(Y110,Y26) -> 0 | Z82: =SUM(Z110,Z26) -> 0 | ... AD82: =SUM(AD110,AD26) -> 0 | AE82: =_xlfn.XLOOKUP($C82,$C$215:$C$241,AE$215:AE$241,"-") -> 0 | AF82: =_xlfn.XLOOKUP($C82,$C$215:$C$241,AF$215:AF$241,"-") -> 0 | AG82: =_xlfn.XLOOKUP($C82,$C$215:$C$241,AG$215:AG$241,"-") -> 0
B83: =C64 -> 38 Vestfold og Telemark (2020-2023) | C83: Utenriks sjøfart | D83: =SUM(D111,D27) -> 821 | E83: =SUM(E111,E27) -> 1487 | F83: =SUM(F111,F27) -> 1427 | G83: =SUM(G111,G27) -> 1623 | H83: =SUM(H111,H27) -> 1793 | I83: =SUM(I111,I27) -> 1345 | J83: =SUM(J111,J27) -> 1281 | K83: =SUM(K111,K27) -> 1716 | ... O83: =SUM(O111,O27) -> 1033 | P83: =_xlfn.XLOOKUP($C83,$C$215:$C$241,P$215:P$241,"-") -> 337 | Q83: =_xlfn.XLOOKUP($C83,$C$215:$C$241,Q$215:Q$241,"-") -> 750 | R83: =_xlfn.XLOOKUP($C83,$C$215:$C$241,R$215:R$241,"-") -> 1165 | S83: =SUM(S111,S27) -> 496 | T83: =SUM(T111,T27) -> 446 | U83: =SUM(U111,U27) -> 1938 | V83: =SUM(V111,V27) -> 2169 | W83: =SUM(W111,W27) -> 2458 | X83: =SUM(X111,X27) -> 1029 | Y83: =SUM(Y111,Y27) -> 738 | Z83: =SUM(Z111,Z27) -> 806 | ... AD83: =SUM(AD111,AD27) -> 754 | AE83: =_xlfn.XLOOKUP($C83,$C$215:$C$241,AE$215:AE$241,"-") -> 365 | AF83: =_xlfn.XLOOKUP($C83,$C$215:$C$241,AF$215:AF$241,"-") -> 506 | AG83: =_xlfn.XLOOKUP($C83,$C$215:$C$241,AG$215:AG$241,"-") -> 541
B84: =C64 -> 38 Vestfold og Telemark (2020-2023) | C84: Vannforsyning, avløp og renovasjon | D84: =SUM(D112,D28) -> 1341 | E84: =SUM(E112,E28) -> 1604 | F84: =SUM(F112,F28) -> 1699 | G84: =SUM(G112,G28) -> 1672 | H84: =SUM(H112,H28) -> 1467 | I84: =SUM(I112,I28) -> 1471 | J84: =SUM(J112,J28) -> 1522 | K84: =SUM(K112,K28) -> 1767 | ... O84: =SUM(O112,O28) -> 2068 | P84: =_xlfn.XLOOKUP($C84,$C$215:$C$241,P$215:P$241,"-") -> 2490 | Q84: =_xlfn.XLOOKUP($C84,$C$215:$C$241,Q$215:Q$241,"-") -> 2971 | R84: =_xlfn.XLOOKUP($C84,$C$215:$C$241,R$215:R$241,"-") -> 2989 | S84: =SUM(S112,S28) -> 519 | T84: =SUM(T112,T28) -> 683 | U84: =SUM(U112,U28) -> 684 | V84: =SUM(V112,V28) -> 758 | W84: =SUM(W112,W28) -> 751 | X84: =SUM(X112,X28) -> 740 | Y84: =SUM(Y112,Y28) -> 782 | Z84: =SUM(Z112,Z28) -> 829 | ... AD84: =SUM(AD112,AD28) -> 1086 | AE84: =_xlfn.XLOOKUP($C84,$C$215:$C$241,AE$215:AE$241,"-") -> 1171 | AF84: =_xlfn.XLOOKUP($C84,$C$215:$C$241,AF$215:AF$241,"-") -> 1233 | AG84: =_xlfn.XLOOKUP($C84,$C$215:$C$241,AG$215:AG$241,"-") -> 1366
B85: =C64 -> 38 Vestfold og Telemark (2020-2023) | C85: Jordbruk og skogbruk | D85: =SUM(D113,D29) -> 1284 | E85: =SUM(E113,E29) -> 1112 | F85: =SUM(F113,F29) -> 1290 | G85: =SUM(G113,G29) -> 1222 | H85: =SUM(H113,H29) -> 1118 | I85: =SUM(I113,I29) -> 1008 | J85: =SUM(J113,J29) -> 1203 | K85: =SUM(K113,K29) -> 1414 | ... O85: =SUM(O113,O29) -> 1531 | P85: =_xlfn.XLOOKUP($C85,$C$215:$C$241,P$215:P$241,"-") -> 1565 | Q85: =_xlfn.XLOOKUP($C85,$C$215:$C$241,Q$215:Q$241,"-") -> 1687 | R85: =_xlfn.XLOOKUP($C85,$C$215:$C$241,R$215:R$241,"-") -> 1874 | S85: =SUM(S113,S29) -> 395 | T85: =SUM(T113,T29) -> 380 | U85: =SUM(U113,U29) -> 409 | V85: =SUM(V113,V29) -> 428 | W85: =SUM(W113,W29) -> 389 | X85: =SUM(X113,X29) -> 402 | Y85: =SUM(Y113,Y29) -> 424 | Z85: =SUM(Z113,Z29) -> 475 | ... AD85: =SUM(AD113,AD29) -> 572 | AE85: =_xlfn.XLOOKUP($C85,$C$215:$C$241,AE$215:AE$241,"-") -> 571 | AF85: =_xlfn.XLOOKUP($C85,$C$215:$C$241,AF$215:AF$241,"-") -> 612 | AG85: =_xlfn.XLOOKUP($C85,$C$215:$C$241,AG$215:AG$241,"-") -> 648
B86: =C64 -> 38 Vestfold og Telemark (2020-2023) | C86: Rørtransport | D86: =SUM(D114,D30) -> 0 | E86: =SUM(E114,E30) -> 0 | F86: =SUM(F114,F30) -> 0 | G86: =SUM(G114,G30) -> 0 | H86: =SUM(H114,H30) -> 0 | I86: =SUM(I114,I30) -> 0 | J86: =SUM(J114,J30) -> 0 | K86: =SUM(K114,K30) -> 0 | ... O86: =SUM(O114,O30) -> 0 | P86: =_xlfn.XLOOKUP($C86,$C$215:$C$241,P$215:P$241,"-") -> 0 | Q86: =_xlfn.XLOOKUP($C86,$C$215:$C$241,Q$215:Q$241,"-") -> 0 | R86: =_xlfn.XLOOKUP($C86,$C$215:$C$241,R$215:R$241,"-") -> 0 | S86: =SUM(S114,S30) -> 0 | T86: =SUM(T114,T30) -> 0 | U86: =SUM(U114,U30) -> 0 | V86: =SUM(V114,V30) -> 0 | W86: =SUM(W114,W30) -> 0 | X86: =SUM(X114,X30) -> 0 | Y86: =SUM(Y114,Y30) -> 0 | Z86: =SUM(Z114,Z30) -> 0 | ... AD86: =SUM(AD114,AD30) -> 0 | AE86: =_xlfn.XLOOKUP($C86,$C$215:$C$241,AE$215:AE$241,"-") -> 0 | AF86: =_xlfn.XLOOKUP($C86,$C$215:$C$241,AF$215:AF$241,"-") -> 0 | AG86: =_xlfn.XLOOKUP($C86,$C$215:$C$241,AG$215:AG$241,"-") -> 0
B87: =C64 -> 38 Vestfold og Telemark (2020-2023) | C87: Post og distribusjonsvirksomhet | D87: =SUM(D115,D31) -> 666 | E87: =SUM(E115,E31) -> 846 | F87: =SUM(F115,F31) -> 807 | G87: =SUM(G115,G31) -> 777 | H87: =SUM(H115,H31) -> 641 | I87: =SUM(I115,I31) -> 745 | J87: =SUM(J115,J31) -> 740 | K87: =SUM(K115,K31) -> 794 | ... O87: =SUM(O115,O31) -> 475 | P87: =_xlfn.XLOOKUP($C87,$C$215:$C$241,P$215:P$241,"-") -> 732 | Q87: =_xlfn.XLOOKUP($C87,$C$215:$C$241,Q$215:Q$241,"-") -> 600 | R87: =_xlfn.XLOOKUP($C87,$C$215:$C$241,R$215:R$241,"-") -> 554 | S87: =SUM(S115,S31) -> 587 | T87: =SUM(T115,T31) -> 600 | U87: =SUM(U115,U31) -> 548 | V87: =SUM(V115,V31) -> 517 | W87: =SUM(W115,W31) -> 572 | X87: =SUM(X115,X31) -> 594 | Y87: =SUM(Y115,Y31) -> 609 | Z87: =SUM(Z115,Z31) -> 655 | ... AD87: =SUM(AD115,AD31) -> 389 | AE87: =_xlfn.XLOOKUP($C87,$C$215:$C$241,AE$215:AE$241,"-") -> 603 | AF87: =_xlfn.XLOOKUP($C87,$C$215:$C$241,AF$215:AF$241,"-") -> 545 | AG87: =_xlfn.XLOOKUP($C87,$C$215:$C$241,AG$215:AG$241,"-") -> 664
B88: =C64 -> 38 Vestfold og Telemark (2020-2023) | C88: Bergverksdrift | D88: =SUM(D116,D32) -> 287 | E88: =SUM(E116,E32) -> 368 | F88: =SUM(F116,F32) -> 313 | G88: =SUM(G116,G32) -> 315 | H88: =SUM(H116,H32) -> 343 | I88: =SUM(I116,I32) -> 419 | J88: =SUM(J116,J32) -> 412 | K88: =SUM(K116,K32) -> 443 | ... O88: =SUM(O116,O32) -> 567 | P88: =_xlfn.XLOOKUP($C88,$C$215:$C$241,P$215:P$241,"-") -> 0 | Q88: =_xlfn.XLOOKUP($C88,$C$215:$C$241,Q$215:Q$241,"-") -> 0 | R88: =_xlfn.XLOOKUP($C88,$C$215:$C$241,R$215:R$241,"-") -> 0 | S88: =SUM(S116,S32) -> 287 | T88: =SUM(T116,T32) -> 160 | U88: =SUM(U116,U32) -> 149 | V88: =SUM(V116,V32) -> 167 | W88: =SUM(W116,W32) -> 165 | X88: =SUM(X116,X32) -> 173 | Y88: =SUM(Y116,Y32) -> 184 | Z88: =SUM(Z116,Z32) -> 178 | ... AD88: =SUM(AD116,AD32) -> 265 | AE88: =_xlfn.XLOOKUP($C88,$C$215:$C$241,AE$215:AE$241,"-") -> 0 | AF88: =_xlfn.XLOOKUP($C88,$C$215:$C$241,AF$215:AF$241,"-") -> 0 | AG88: =_xlfn.XLOOKUP($C88,$C$215:$C$241,AG$215:AG$241,"-") -> 0
B89: =C64 -> 38 Vestfold og Telemark (2020-2023) | C89: Fastlands-Norge | D89: =SUM(D117,D33) -> 0 | E89: =SUM(E117,E33) -> 0 | F89: =SUM(F117,F33) -> 0 | G89: =SUM(G117,G33) -> 0 | H89: =SUM(H117,H33) -> 0 | I89: =SUM(I117,I33) -> 0 | J89: =SUM(J117,J33) -> 0 | K89: =SUM(K117,K33) -> 0 | ... O89: =SUM(O117,O33) -> 0 | P89: =_xlfn.XLOOKUP($C89,$C$215:$C$241,P$215:P$241,"-") -> 0 | Q89: =_xlfn.XLOOKUP($C89,$C$215:$C$241,Q$215:Q$241,"-") -> 0 | R89: =_xlfn.XLOOKUP($C89,$C$215:$C$241,R$215:R$241,"-") -> 0 | S89: =SUM(S117,S33) -> 0 | T89: =SUM(T117,T33) -> 0 | U89: =SUM(U117,U33) -> 0 | V89: =SUM(V117,V33) -> 0 | W89: =SUM(W117,W33) -> 0 | X89: =SUM(X117,X33) -> 0 | Y89: =SUM(Y117,Y33) -> 0 | Z89: =SUM(Z117,Z33) -> 0 | ... AD89: =SUM(AD117,AD33) -> 0 | AE89: =_xlfn.XLOOKUP($C89,$C$215:$C$241,AE$215:AE$241,"-") -> 0 | AF89: =_xlfn.XLOOKUP($C89,$C$215:$C$241,AF$215:AF$241,"-") -> 0 | AG89: =_xlfn.XLOOKUP($C89,$C$215:$C$241,AG$215:AG$241,"-") -> 0
B90: =C64 -> 38 Vestfold og Telemark (2020-2023) | C90: Totalt for næringer | D90: =SUM(D118,D34) -> 115898 | E90: =SUM(E118,E34) -> 113729 | F90: =SUM(F118,F34) -> 116905 | G90: =SUM(G118,G34) -> 119314 | H90: =SUM(H118,H34) -> 126078 | I90: =SUM(I118,I34) -> 130769 | J90: =SUM(J118,J34) -> 134480 | K90: =SUM(K118,K34) -> 145082 | ... O90: =SUM(O118,O34) -> 169001 | P90: =_xlfn.XLOOKUP($C90,$C$215:$C$241,P$215:P$241,"-") -> 166087 | Q90: =_xlfn.XLOOKUP($C90,$C$215:$C$241,Q$215:Q$241,"-") -> 187394 | R90: =_xlfn.XLOOKUP($C90,$C$215:$C$241,R$215:R$241,"-") -> 208341 | S90: =SUM(S118,S34) -> 71392 | T90: =SUM(T118,T34) -> 72122 | U90: =SUM(U118,U34) -> 74205 | V90: =SUM(V118,V34) -> 78247 | W90: =SUM(W118,W34) -> 83006 | X90: =SUM(X118,X34) -> 85770 | Y90: =SUM(Y118,Y34) -> 88990 | Z90: =SUM(Z118,Z34) -> 91569 | ... AD90: =SUM(AD118,AD34) -> 109305 | AE90: =_xlfn.XLOOKUP($C90,$C$215:$C$241,AE$215:AE$241,"-") -> 107211 | AF90: =_xlfn.XLOOKUP($C90,$C$215:$C$241,AF$215:AF$241,"-") -> 114406 | AG90: =_xlfn.XLOOKUP($C90,$C$215:$C$241,AG$215:AG$241,"-") -> 123557
B92: =C92 -> 07 Vestfold (-2019) | C92: 07 Vestfold (-2019)
B93: =C92 -> 07 Vestfold (-2019) | C93: Utvinning av råolje og naturgass, inkl. tjenester | D93: =_xlfn.XLOOKUP($C93,$C$242:$C$268,D$242:D$268,"-") -> 28 | E93: =_xlfn.XLOOKUP($C93,$C$242:$C$268,E$242:E$268,"-") -> 33 | F93: =_xlfn.XLOOKUP($C93,$C$242:$C$268,F$242:F$268,"-") -> 27 | G93: =_xlfn.XLOOKUP($C93,$C$242:$C$268,G$242:G$268,"-") -> 3 | H93: =_xlfn.XLOOKUP($C93,$C$242:$C$268,H$242:H$268,"-") -> 5 | I93: =_xlfn.XLOOKUP($C93,$C$242:$C$268,I$242:I$268,"-") -> 9 | J93: =_xlfn.XLOOKUP($C93,$C$242:$C$268,J$242:J$268,"-") -> 13 | K93: =_xlfn.XLOOKUP($C93,$C$242:$C$268,K$242:K$268,"-") -> 1 | ... O93: =_xlfn.XLOOKUP($C93,$C$242:$C$268,O$242:O$268,"-") -> 0 | P93: =IFERROR(O93*(P65/O65),"-") -> - | Q93: =IFERROR(P93*(Q65/P65),"-") -> - | R93: =IFERROR(Q93*(R65/Q65),"-") -> - | S93: =_xlfn.XLOOKUP($C93,$C$242:$C$268,S$242:S$268,"-") -> 26 | T93: =_xlfn.XLOOKUP($C93,$C$242:$C$268,T$242:T$268,"-") -> 31 | U93: =_xlfn.XLOOKUP($C93,$C$242:$C$268,U$242:U$268,"-") -> 21 | V93: =_xlfn.XLOOKUP($C93,$C$242:$C$268,V$242:V$268,"-") -> 2 | W93: =_xlfn.XLOOKUP($C93,$C$242:$C$268,W$242:W$268,"-") -> 3 | X93: =_xlfn.XLOOKUP($C93,$C$242:$C$268,X$242:X$268,"-") -> 6 | Y93: =_xlfn.XLOOKUP($C93,$C$242:$C$268,Y$242:Y$268,"-") -> 7 | Z93: =_xlfn.XLOOKUP($C93,$C$242:$C$268,Z$242:Z$268,"-") -> 0 | ... AD93: =_xlfn.XLOOKUP($C93,$C$242:$C$268,AD$242:AD$268,"-") -> 0 | AE93: =IFERROR(AD93*(AE65/AD65),"-") -> - | AF93: =IFERROR(AE93*(AF65/AE65),"-") -> - | AG93: =IFERROR(AF93*(AG65/AF65),"-") -> -
B94: =C92 -> 07 Vestfold (-2019) | C94: Helse- og omsorgstjenester | D94: =_xlfn.XLOOKUP($C94,$C$242:$C$268,D$242:D$268,"-") -> 8369 | E94: =_xlfn.XLOOKUP($C94,$C$242:$C$268,E$242:E$268,"-") -> 8906 | F94: =_xlfn.XLOOKUP($C94,$C$242:$C$268,F$242:F$268,"-") -> 9342 | G94: =_xlfn.XLOOKUP($C94,$C$242:$C$268,G$242:G$268,"-") -> 10179 | H94: =_xlfn.XLOOKUP($C94,$C$242:$C$268,H$242:H$268,"-") -> 10887 | I94: =_xlfn.XLOOKUP($C94,$C$242:$C$268,I$242:I$268,"-") -> 11416 | J94: =_xlfn.XLOOKUP($C94,$C$242:$C$268,J$242:J$268,"-") -> 12168 | K94: =_xlfn.XLOOKUP($C94,$C$242:$C$268,K$242:K$268,"-") -> 12671 | ... O94: =_xlfn.XLOOKUP($C94,$C$242:$C$268,O$242:O$268,"-") -> 15358 | P94: =IFERROR(O94*(P66/O66),"-") -> 15307.001 | Q94: =IFERROR(P94*(Q66/P66),"-") -> 16233.951 | R94: =IFERROR(Q94*(R66/Q66),"-") -> 17500.521 | S94: =_xlfn.XLOOKUP($C94,$C$242:$C$268,S$242:S$268,"-") -> 7424 | T94: =_xlfn.XLOOKUP($C94,$C$242:$C$268,T$242:T$268,"-") -> 7936 | U94: =_xlfn.XLOOKUP($C94,$C$242:$C$268,U$242:U$268,"-") -> 8355 | V94: =_xlfn.XLOOKUP($C94,$C$242:$C$268,V$242:V$268,"-") -> 9101 | W94: =_xlfn.XLOOKUP($C94,$C$242:$C$268,W$242:W$268,"-") -> 9759 | X94: =_xlfn.XLOOKUP($C94,$C$242:$C$268,X$242:X$268,"-") -> 10258 | Y94: =_xlfn.XLOOKUP($C94,$C$242:$C$268,Y$242:Y$268,"-") -> 10927 | Z94: =_xlfn.XLOOKUP($C94,$C$242:$C$268,Z$242:Z$268,"-") -> 11379 | ... AD94: =_xlfn.XLOOKUP($C94,$C$242:$C$268,AD$242:AD$268,"-") -> 13868 | AE94: =IFERROR(AD94*(AE66/AD66),"-") -> 13845.578 | AF94: =IFERROR(AE94*(AF66/AE66),"-") -> 14559.158 | AG94: =IFERROR(AF94*(AG66/AF66),"-") -> 15746.402
B95: =C92 -> 07 Vestfold (-2019) | C95: Varehandel og reparasjon av motorvogner | D95: =_xlfn.XLOOKUP($C95,$C$242:$C$268,D$242:D$268,"-") -> 7126 | E95: =_xlfn.XLOOKUP($C95,$C$242:$C$268,E$242:E$268,"-") -> 6663 | F95: =_xlfn.XLOOKUP($C95,$C$242:$C$268,F$242:F$268,"-") -> 7038 | G95: =_xlfn.XLOOKUP($C95,$C$242:$C$268,G$242:G$268,"-") -> 7063 | H95: =_xlfn.XLOOKUP($C95,$C$242:$C$268,H$242:H$268,"-") -> 7929 | I95: =_xlfn.XLOOKUP($C95,$C$242:$C$268,I$242:I$268,"-") -> 7678 | J95: =_xlfn.XLOOKUP($C95,$C$242:$C$268,J$242:J$268,"-") -> 8239 | K95: =_xlfn.XLOOKUP($C95,$C$242:$C$268,K$242:K$268,"-") -> 9967 | ... O95: =_xlfn.XLOOKUP($C95,$C$242:$C$268,O$242:O$268,"-") -> 12128 | P95: =IFERROR(O95*(P67/O67),"-") -> 13479.092 | Q95: =IFERROR(P95*(Q67/P67),"-") -> 14934.764 | R95: =IFERROR(Q95*(R67/Q67),"-") -> 14543.727 | S95: =_xlfn.XLOOKUP($C95,$C$242:$C$268,S$242:S$268,"-") -> 5882 | T95: =_xlfn.XLOOKUP($C95,$C$242:$C$268,T$242:T$268,"-") -> 5788 | U95: =_xlfn.XLOOKUP($C95,$C$242:$C$268,U$242:U$268,"-") -> 5956 | V95: =_xlfn.XLOOKUP($C95,$C$242:$C$268,V$242:V$268,"-") -> 6077 | W95: =_xlfn.XLOOKUP($C95,$C$242:$C$268,W$242:W$268,"-") -> 6392 | X95: =_xlfn.XLOOKUP($C95,$C$242:$C$268,X$242:X$268,"-") -> 6774 | Y95: =_xlfn.XLOOKUP($C95,$C$242:$C$268,Y$242:Y$268,"-") -> 6834 | Z95: =_xlfn.XLOOKUP($C95,$C$242:$C$268,Z$242:Z$268,"-") -> 7131 | ... AD95: =_xlfn.XLOOKUP($C95,$C$242:$C$268,AD$242:AD$268,"-") -> 8122 | AE95: =IFERROR(AD95*(AE67/AD67),"-") -> 8181.5089 | AF95: =IFERROR(AE95*(AF67/AE67),"-") -> 9051.746 | AG95: =IFERROR(AF95*(AG67/AF67),"-") -> 9486.8646
B96: =C92 -> 07 Vestfold (-2019) | C96: Industri | D96: =_xlfn.XLOOKUP($C96,$C$242:$C$268,D$242:D$268,"-") -> 13886 | E96: =_xlfn.XLOOKUP($C96,$C$242:$C$268,E$242:E$268,"-") -> 12536 | F96: =_xlfn.XLOOKUP($C96,$C$242:$C$268,F$242:F$268,"-") -> 12073 | G96: =_xlfn.XLOOKUP($C96,$C$242:$C$268,G$242:G$268,"-") -> 11722 | H96: =_xlfn.XLOOKUP($C96,$C$242:$C$268,H$242:H$268,"-") -> 12490 | I96: =_xlfn.XLOOKUP($C96,$C$242:$C$268,I$242:I$268,"-") -> 12437 | J96: =_xlfn.XLOOKUP($C96,$C$242:$C$268,J$242:J$268,"-") -> 11321 | K96: =_xlfn.XLOOKUP($C96,$C$242:$C$268,K$242:K$268,"-") -> 12389 | ... O96: =_xlfn.XLOOKUP($C96,$C$242:$C$268,O$242:O$268,"-") -> 12743 | P96: =IFERROR(O96*(P68/O68),"-") -> 12569.725 | Q96: =IFERROR(P96*(Q68/P68),"-") -> 13760.294 | R96: =IFERROR(Q96*(R68/Q68),"-") -> 14418.74 | S96: =_xlfn.XLOOKUP($C96,$C$242:$C$268,S$242:S$268,"-") -> 7624 | T96: =_xlfn.XLOOKUP($C96,$C$242:$C$268,T$242:T$268,"-") -> 7418 | U96: =_xlfn.XLOOKUP($C96,$C$242:$C$268,U$242:U$268,"-") -> 6743 | V96: =_xlfn.XLOOKUP($C96,$C$242:$C$268,V$242:V$268,"-") -> 7351 | W96: =_xlfn.XLOOKUP($C96,$C$242:$C$268,W$242:W$268,"-") -> 7563 | X96: =_xlfn.XLOOKUP($C96,$C$242:$C$268,X$242:X$268,"-") -> 8022 | Y96: =_xlfn.XLOOKUP($C96,$C$242:$C$268,Y$242:Y$268,"-") -> 8261 | Z96: =_xlfn.XLOOKUP($C96,$C$242:$C$268,Z$242:Z$268,"-") -> 8154 | ... AD96: =_xlfn.XLOOKUP($C96,$C$242:$C$268,AD$242:AD$268,"-") -> 8806 | AE96: =IFERROR(AD96*(AE68/AD68),"-") -> 8147.4793 | AF96: =IFERROR(AE96*(AF68/AE68),"-") -> 8753.4098 | AG96: =IFERROR(AF96*(AG68/AF68),"-") -> 9319.3261
B97: =C92 -> 07 Vestfold (-2019) | C97: Offentlig administrasjon og forsvar | D97: =_xlfn.XLOOKUP($C97,$C$242:$C$268,D$242:D$268,"-") -> 4036 | E97: =_xlfn.XLOOKUP($C97,$C$242:$C$268,E$242:E$268,"-") -> 4414 | F97: =_xlfn.XLOOKUP($C97,$C$242:$C$268,F$242:F$268,"-") -> 4741 | G97: =_xlfn.XLOOKUP($C97,$C$242:$C$268,G$242:G$268,"-") -> 4878 | H97: =_xlfn.XLOOKUP($C97,$C$242:$C$268,H$242:H$268,"-") -> 5173 | I97: =_xlfn.XLOOKUP($C97,$C$242:$C$268,I$242:I$268,"-") -> 5247 | J97: =_xlfn.XLOOKUP($C97,$C$242:$C$268,J$242:J$268,"-") -> 5981 | K97: =_xlfn.XLOOKUP($C97,$C$242:$C$268,K$242:K$268,"-") -> 6163 | ... O97: =_xlfn.XLOOKUP($C97,$C$242:$C$268,O$242:O$268,"-") -> 7278 | P97: =IFERROR(O97*(P69/O69),"-") -> 7710.0768 | Q97: =IFERROR(P97*(Q69/P69),"-") -> 8103.6933 | R97: =IFERROR(Q97*(R69/Q69),"-") -> 8439.0186 | S97: =_xlfn.XLOOKUP($C97,$C$242:$C$268,S$242:S$268,"-") -> 2961 | T97: =_xlfn.XLOOKUP($C97,$C$242:$C$268,T$242:T$268,"-") -> 3218 | U97: =_xlfn.XLOOKUP($C97,$C$242:$C$268,U$242:U$268,"-") -> 3429 | V97: =_xlfn.XLOOKUP($C97,$C$242:$C$268,V$242:V$268,"-") -> 3520 | W97: =_xlfn.XLOOKUP($C97,$C$242:$C$268,W$242:W$268,"-") -> 3693 | X97: =_xlfn.XLOOKUP($C97,$C$242:$C$268,X$242:X$268,"-") -> 3743 | Y97: =_xlfn.XLOOKUP($C97,$C$242:$C$268,Y$242:Y$268,"-") -> 4282 | Z97: =_xlfn.XLOOKUP($C97,$C$242:$C$268,Z$242:Z$268,"-") -> 4352 | ... AD97: =_xlfn.XLOOKUP($C97,$C$242:$C$268,AD$242:AD$268,"-") -> 5089 | AE97: =IFERROR(AD97*(AE69/AD69),"-") -> 5364.8233 | AF97: =IFERROR(AE97*(AF69/AE69),"-") -> 5562.437 | AG97: =IFERROR(AF97*(AG69/AF69),"-") -> 5705.7218
B98: =C92 -> 07 Vestfold (-2019) | C98: Bygge- og anleggsvirksomhet | D98: =_xlfn.XLOOKUP($C98,$C$242:$C$268,D$242:D$268,"-") -> 5636 | E98: =_xlfn.XLOOKUP($C98,$C$242:$C$268,E$242:E$268,"-") -> 5192 | F98: =_xlfn.XLOOKUP($C98,$C$242:$C$268,F$242:F$268,"-") -> 5151 | G98: =_xlfn.XLOOKUP($C98,$C$242:$C$268,G$242:G$268,"-") -> 5373 | H98: =_xlfn.XLOOKUP($C98,$C$242:$C$268,H$242:H$268,"-") -> 6548 | I98: =_xlfn.XLOOKUP($C98,$C$242:$C$268,I$242:I$268,"-") -> 6771 | J98: =_xlfn.XLOOKUP($C98,$C$242:$C$268,J$242:J$268,"-") -> 7431 | K98: =_xlfn.XLOOKUP($C98,$C$242:$C$268,K$242:K$268,"-") -> 7662 | ... O98: =_xlfn.XLOOKUP($C98,$C$242:$C$268,O$242:O$268,"-") -> 9979 | P98: =IFERROR(O98*(P70/O70),"-") -> 9934.5026 | Q98: =IFERROR(P98*(Q70/P70),"-") -> 10548.323 | R98: =IFERROR(Q98*(R70/Q70),"-") -> 11382.802 | S98: =_xlfn.XLOOKUP($C98,$C$242:$C$268,S$242:S$268,"-") -> 3652 | T98: =_xlfn.XLOOKUP($C98,$C$242:$C$268,T$242:T$268,"-") -> 3302 | U98: =_xlfn.XLOOKUP($C98,$C$242:$C$268,U$242:U$268,"-") -> 3309 | V98: =_xlfn.XLOOKUP($C98,$C$242:$C$268,V$242:V$268,"-") -> 3618 | W98: =_xlfn.XLOOKUP($C98,$C$242:$C$268,W$242:W$268,"-") -> 4107 | X98: =_xlfn.XLOOKUP($C98,$C$242:$C$268,X$242:X$268,"-") -> 4469 | Y98: =_xlfn.XLOOKUP($C98,$C$242:$C$268,Y$242:Y$268,"-") -> 4780 | Z98: =_xlfn.XLOOKUP($C98,$C$242:$C$268,Z$242:Z$268,"-") -> 4998 | ... AD98: =_xlfn.XLOOKUP($C98,$C$242:$C$268,AD$242:AD$268,"-") -> 6821 | AE98: =IFERROR(AD98*(AE70/AD70),"-") -> 6864.9226 | AF98: =IFERROR(AE98*(AF70/AE70),"-") -> 7240.4303 | AG98: =IFERROR(AF98*(AG70/AF70),"-") -> 7816.9922
B99: =C92 -> 07 Vestfold (-2019) | C99: Undervisning | D99: =_xlfn.XLOOKUP($C99,$C$242:$C$268,D$242:D$268,"-") -> 3746 | E99: =_xlfn.XLOOKUP($C99,$C$242:$C$268,E$242:E$268,"-") -> 3995 | F99: =_xlfn.XLOOKUP($C99,$C$242:$C$268,F$242:F$268,"-") -> 4274 | G99: =_xlfn.XLOOKUP($C99,$C$242:$C$268,G$242:G$268,"-") -> 4501 | H99: =_xlfn.XLOOKUP($C99,$C$242:$C$268,H$242:H$268,"-") -> 4795 | I99: =_xlfn.XLOOKUP($C99,$C$242:$C$268,I$242:I$268,"-") -> 5099 | J99: =_xlfn.XLOOKUP($C99,$C$242:$C$268,J$242:J$268,"-") -> 5294 | K99: =_xlfn.XLOOKUP($C99,$C$242:$C$268,K$242:K$268,"-") -> 5401 | ... O99: =_xlfn.XLOOKUP($C99,$C$242:$C$268,O$242:O$268,"-") -> 6551 | P99: =IFERROR(O99*(P71/O71),"-") -> 6385.6328 | Q99: =IFERROR(P99*(Q71/P71),"-") -> 6763.8544 | R99: =IFERROR(Q99*(R71/Q71),"-") -> 7447.1115 | S99: =_xlfn.XLOOKUP($C99,$C$242:$C$268,S$242:S$268,"-") -> 3255 | T99: =_xlfn.XLOOKUP($C99,$C$242:$C$268,T$242:T$268,"-") -> 3493 | U99: =_xlfn.XLOOKUP($C99,$C$242:$C$268,U$242:U$268,"-") -> 3654 | V99: =_xlfn.XLOOKUP($C99,$C$242:$C$268,V$242:V$268,"-") -> 3828 | W99: =_xlfn.XLOOKUP($C99,$C$242:$C$268,W$242:W$268,"-") -> 4036 | X99: =_xlfn.XLOOKUP($C99,$C$242:$C$268,X$242:X$268,"-") -> 4314 | Y99: =_xlfn.XLOOKUP($C99,$C$242:$C$268,Y$242:Y$268,"-") -> 4406 | Z99: =_xlfn.XLOOKUP($C99,$C$242:$C$268,Z$242:Z$268,"-") -> 4670 | ... AD99: =_xlfn.XLOOKUP($C99,$C$242:$C$268,AD$242:AD$268,"-") -> 5506 | AE99: =IFERROR(AD99*(AE71/AD71),"-") -> 5373.565 | AF99: =IFERROR(AE99*(AF71/AE71),"-") -> 5637.2982 | AG99: =IFERROR(AF99*(AG71/AF71),"-") -> 6134.0716
B100: =C92 -> 07 Vestfold (-2019) | C100: Faglig, vitenskapelig og teknisk tjenesteyting | D100: =_xlfn.XLOOKUP($C100,$C$242:$C$268,D$242:D$268,"-") -> 2788 | E100: =_xlfn.XLOOKUP($C100,$C$242:$C$268,E$242:E$268,"-") -> 2827 | F100: =_xlfn.XLOOKUP($C100,$C$242:$C$268,F$242:F$268,"-") -> 2727 | G100: =_xlfn.XLOOKUP($C100,$C$242:$C$268,G$242:G$268,"-") -> 2928 | H100: =_xlfn.XLOOKUP($C100,$C$242:$C$268,H$242:H$268,"-") -> 3261 | I100: =_xlfn.XLOOKUP($C100,$C$242:$C$268,I$242:I$268,"-") -> 3874 | J100: =_xlfn.XLOOKUP($C100,$C$242:$C$268,J$242:J$268,"-") -> 3854 | K100: =_xlfn.XLOOKUP($C100,$C$242:$C$268,K$242:K$268,"-") -> 3406 | ... O100: =_xlfn.XLOOKUP($C100,$C$242:$C$268,O$242:O$268,"-") -> 4476 | P100: =IFERROR(O100*(P72/O72),"-") -> 4333.2258 | Q100: =IFERROR(P100*(Q72/P72),"-") -> 5416.5322 | R100: =IFERROR(Q100*(R72/Q72),"-") -> 6320.3987 | S100: =_xlfn.XLOOKUP($C100,$C$242:$C$268,S$242:S$268,"-") -> 1908 | T100: =_xlfn.XLOOKUP($C100,$C$242:$C$268,T$242:T$268,"-") -> 1991 | U100: =_xlfn.XLOOKUP($C100,$C$242:$C$268,U$242:U$268,"-") -> 2002 | V100: =_xlfn.XLOOKUP($C100,$C$242:$C$268,V$242:V$268,"-") -> 2148 | W100: =_xlfn.XLOOKUP($C100,$C$242:$C$268,W$242:W$268,"-") -> 2367 | X100: =_xlfn.XLOOKUP($C100,$C$242:$C$268,X$242:X$268,"-") -> 2681 | Y100: =_xlfn.XLOOKUP($C100,$C$242:$C$268,Y$242:Y$268,"-") -> 2629 | Z100: =_xlfn.XLOOKUP($C100,$C$242:$C$268,Z$242:Z$268,"-") -> 2799 | ... AD100: =_xlfn.XLOOKUP($C100,$C$242:$C$268,AD$242:AD$268,"-") -> 3254 | AE100: =IFERROR(AD100*(AE72/AD72),"-") -> 3246.4893 | AF100: =IFERROR(AE100*(AF72/AE72),"-") -> 3488.7086 | AG100: =IFERROR(AF100*(AG72/AF72),"-") -> 3853.6022
B101: =C92 -> 07 Vestfold (-2019) | C101: Finansierings- og forsikringsvirksomhet | D101: =_xlfn.XLOOKUP($C101,$C$242:$C$268,D$242:D$268,"-") -> 2492 | E101: =_xlfn.XLOOKUP($C101,$C$242:$C$268,E$242:E$268,"-") -> 2889 | F101: =_xlfn.XLOOKUP($C101,$C$242:$C$268,F$242:F$268,"-") -> 1930 | G101: =_xlfn.XLOOKUP($C101,$C$242:$C$268,G$242:G$268,"-") -> 1721 | H101: =_xlfn.XLOOKUP($C101,$C$242:$C$268,H$242:H$268,"-") -> 2038 | I101: =_xlfn.XLOOKUP($C101,$C$242:$C$268,I$242:I$268,"-") -> 2450 | J101: =_xlfn.XLOOKUP($C101,$C$242:$C$268,J$242:J$268,"-") -> 2368 | K101: =_xlfn.XLOOKUP($C101,$C$242:$C$268,K$242:K$268,"-") -> 2446 | ... O101: =_xlfn.XLOOKUP($C101,$C$242:$C$268,O$242:O$268,"-") -> 1847 | P101: =IFERROR(O101*(P73/O73),"-") -> 2134.1278 | Q101: =IFERROR(P101*(Q73/P73),"-") -> 2166.0882 | R101: =IFERROR(Q101*(R73/Q73),"-") -> 2143.9221 | S101: =_xlfn.XLOOKUP($C101,$C$242:$C$268,S$242:S$268,"-") -> 1071 | T101: =_xlfn.XLOOKUP($C101,$C$242:$C$268,T$242:T$268,"-") -> 1098 | U101: =_xlfn.XLOOKUP($C101,$C$242:$C$268,U$242:U$268,"-") -> 746 | V101: =_xlfn.XLOOKUP($C101,$C$242:$C$268,V$242:V$268,"-") -> 703 | W101: =_xlfn.XLOOKUP($C101,$C$242:$C$268,W$242:W$268,"-") -> 712 | X101: =_xlfn.XLOOKUP($C101,$C$242:$C$268,X$242:X$268,"-") -> 730 | Y101: =_xlfn.XLOOKUP($C101,$C$242:$C$268,Y$242:Y$268,"-") -> 721 | Z101: =_xlfn.XLOOKUP($C101,$C$242:$C$268,Z$242:Z$268,"-") -> 750 | ... AD101: =_xlfn.XLOOKUP($C101,$C$242:$C$268,AD$242:AD$268,"-") -> 555 | AE101: =IFERROR(AD101*(AE73/AD73),"-") -> 559.16901 | AF101: =IFERROR(AE101*(AF73/AE73),"-") -> 587.30986 | AG101: =IFERROR(AF101*(AG73/AF73),"-") -> 605.5493
B102: =C92 -> 07 Vestfold (-2019) | C102: Boligtjenester, egen bolig | D102: =_xlfn.XLOOKUP($C102,$C$242:$C$268,D$242:D$268,"-") -> 4091 | E102: =_xlfn.XLOOKUP($C102,$C$242:$C$268,E$242:E$268,"-") -> 3903 | F102: =_xlfn.XLOOKUP($C102,$C$242:$C$268,F$242:F$268,"-") -> 4179 | G102: =_xlfn.XLOOKUP($C102,$C$242:$C$268,G$242:G$268,"-") -> 4341 | H102: =_xlfn.XLOOKUP($C102,$C$242:$C$268,H$242:H$268,"-") -> 3941 | I102: =_xlfn.XLOOKUP($C102,$C$242:$C$268,I$242:I$268,"-") -> 4206 | J102: =_xlfn.XLOOKUP($C102,$C$242:$C$268,J$242:J$268,"-") -> 4416 | K102: =_xlfn.XLOOKUP($C102,$C$242:$C$268,K$242:K$268,"-") -> 4857 | ... O102: =_xlfn.XLOOKUP($C102,$C$242:$C$268,O$242:O$268,"-") -> 6357 | P102: =IFERROR(O102*(P74/O74),"-") -> 5982.5642 | Q102: =IFERROR(P102*(Q74/P74),"-") -> 6460.138 | R102: =IFERROR(Q102*(R74/Q74),"-") -> 7909.6752 | S102: =_xlfn.XLOOKUP($C102,$C$242:$C$268,S$242:S$268,"-") -> 0 | T102: =_xlfn.XLOOKUP($C102,$C$242:$C$268,T$242:T$268,"-") -> 0 | U102: =_xlfn.XLOOKUP($C102,$C$242:$C$268,U$242:U$268,"-") -> 0 | V102: =_xlfn.XLOOKUP($C102,$C$242:$C$268,V$242:V$268,"-") -> 0 | W102: =_xlfn.XLOOKUP($C102,$C$242:$C$268,W$242:W$268,"-") -> 0 | X102: =_xlfn.XLOOKUP($C102,$C$242:$C$268,X$242:X$268,"-") -> 0 | Y102: =_xlfn.XLOOKUP($C102,$C$242:$C$268,Y$242:Y$268,"-") -> 0 | Z102: =_xlfn.XLOOKUP($C102,$C$242:$C$268,Z$242:Z$268,"-") -> 0 | ... AD102: =_xlfn.XLOOKUP($C102,$C$242:$C$268,AD$242:AD$268,"-") -> 0 | AE102: =IFERROR(AD102*(AE74/AD74),"-") -> - | AF102: =IFERROR(AE102*(AF74/AE74),"-") -> - | AG102: =IFERROR(AF102*(AG74/AF74),"-") -> -
B103: =C92 -> 07 Vestfold (-2019) | C103: Informasjon og kommunikasjon | D103: =_xlfn.XLOOKUP($C103,$C$242:$C$268,D$242:D$268,"-") -> 1633 | E103: =_xlfn.XLOOKUP($C103,$C$242:$C$268,E$242:E$268,"-") -> 1655 | F103: =_xlfn.XLOOKUP($C103,$C$242:$C$268,F$242:F$268,"-") -> 1840 | G103: =_xlfn.XLOOKUP($C103,$C$242:$C$268,G$242:G$268,"-") -> 2080 | H103: =_xlfn.XLOOKUP($C103,$C$242:$C$268,H$242:H$268,"-") -> 2187 | I103: =_xlfn.XLOOKUP($C103,$C$242:$C$268,I$242:I$268,"-") -> 2192 | J103: =_xlfn.XLOOKUP($C103,$C$242:$C$268,J$242:J$268,"-") -> 2283 | K103: =_xlfn.XLOOKUP($C103,$C$242:$C$268,K$242:K$268,"-") -> 2321 | ... O103: =_xlfn.XLOOKUP($C103,$C$242:$C$268,O$242:O$268,"-") -> 3268 | P103: =IFERROR(O103*(P75/O75),"-") -> 0 | Q103: =IFERROR(P103*(Q75/P75),"-") -> - | R103: =IFERROR(Q103*(R75/Q75),"-") -> - | S103: =_xlfn.XLOOKUP($C103,$C$242:$C$268,S$242:S$268,"-") -> 1073 | T103: =_xlfn.XLOOKUP($C103,$C$242:$C$268,T$242:T$268,"-") -> 1129 | U103: =_xlfn.XLOOKUP($C103,$C$242:$C$268,U$242:U$268,"-") -> 1227 | V103: =_xlfn.XLOOKUP($C103,$C$242:$C$268,V$242:V$268,"-") -> 1344 | W103: =_xlfn.XLOOKUP($C103,$C$242:$C$268,W$242:W$268,"-") -> 1470 | X103: =_xlfn.XLOOKUP($C103,$C$242:$C$268,X$242:X$268,"-") -> 1452 | Y103: =_xlfn.XLOOKUP($C103,$C$242:$C$268,Y$242:Y$268,"-") -> 1505 | Z103: =_xlfn.XLOOKUP($C103,$C$242:$C$268,Z$242:Z$268,"-") -> 1599 | ... AD103: =_xlfn.XLOOKUP($C103,$C$242:$C$268,AD$242:AD$268,"-") -> 2186 | AE103: =IFERROR(AD103*(AE75/AD75),"-") -> 0 | AF103: =IFERROR(AE103*(AF75/AE75),"-") -> - | AG103: =IFERROR(AF103*(AG75/AF75),"-") -> -
